ArchiveDate,Hospital_Name,Case_Type,Adult_Child,0-6 Months,6-12 Months,12-18 Months,18 Months +,Total
30/01/2025,Bantry General Hospital,Day Case,Adult,210,28,16,25,279
30/01/2025,Beaumont Hospital,Day Case,Adult,"3,446","1,794",447,294,"5,981"
30/01/2025,Cavan General Hospital,Day Case,Adult,359,21,11,2,393
30/01/2025,Connolly Hospital Blanchardstown,Day Case,Adult,"1,121",77,0,0,"1,198"
30/01/2025,Coombe Women and Infants University Hospital,Day Case,Adult,95,14,4,0,113
30/01/2025,Cork University Hospital,Day Case,Adult,693,231,81,57,"1,062"
30/01/2025,Cork University Maternity Hospital,Day Case,Adult,389,53,6,2,450
30/01/2025,Croom Orthopaedic Hospital,Day Case,Adult,342,0,0,0,342
30/01/2025,Ennis Hospital,Day Case,Adult,465,111,9,0,585
30/01/2025,Galway University Hospitals,Day Case,Adult,"5,107","1,963",568,586,"8,224"
30/01/2025,Kilcreene Regional Orthopaedic Hospital,Day Case,Adult,238,12,0,0,250
30/01/2025,Letterkenny University Hospital,Day Case,Adult,"1,231",111,31,20,"1,393"
30/01/2025,Louth County Hospital,Day Case,Adult,694,28,0,0,722
30/01/2025,Mallow General Hospital,Day Case,Adult,276,121,52,28,477
30/01/2025,Mater Misericordiae University Hospital,Day Case,Adult,"3,456",803,241,494,"4,994"
30/01/2025,Mayo University Hospital,Day Case,Adult,609,39,4,2,654
30/01/2025,Mercy University Hospital,Day Case,Adult,546,65,4,0,615
30/01/2025,Midland Regional Hospital Mullingar,Day Case,Adult,589,104,51,2,746
30/01/2025,Midland Regional Hospital Portlaoise,Day Case,Adult,312,41,34,15,402
30/01/2025,Midland Regional Hospital Tullamore,Day Case,Adult,810,183,2,0,995
30/01/2025,Naas General Hospital,Day Case,Adult,237,50,4,0,291
30/01/2025,National Orthopaedic Hospital Cappagh,Day Case,Adult,471,27,2,2,502
30/01/2025,Nenagh Hospital,Day Case,Adult,895,463,18,0,"1,376"
30/01/2025,Our Lady of Lourdes Hospital Drogheda,Day Case,Adult,414,156,43,0,613
30/01/2025,Our Lady's Hospital Navan,Day Case,Adult,684,89,0,0,773
30/01/2025,Portiuncula University Hospital,Day Case,Adult,467,107,51,7,632
30/01/2025,Roscommon University Hospital,Day Case,Adult,387,143,97,57,684
30/01/2025,Rotunda Hospital,Day Case,Adult,137,29,12,12,190
30/01/2025,Royal Victoria Eye and Ear Hospital,Day Case,Adult,"1,769",426,185,77,"2,457"
30/01/2025,Sligo University Hospital,Day Case,Adult,"1,376",478,206,129,"2,189"
30/01/2025,South Infirmary Victoria University Hospital,Day Case,Adult,"2,228",857,325,452,"3,862"
30/01/2025,St. Columcille's Hospital,Day Case,Adult,267,47,41,2,357
30/01/2025,St. James's Hospital,Day Case,Adult,"2,257",791,301,250,"3,599"
30/01/2025,St. John's Hospital Limerick,Day Case,Adult,230,40,2,0,272
30/01/2025,St. Luke's General Hospital Kilkenny,Day Case,Adult,512,115,41,54,722
30/01/2025,St. Michael's Hospital,Day Case,Adult,713,145,24,18,900
30/01/2025,St. Vincent's University Hospital,Day Case,Adult,"2,127",536,118,141,"2,922"
30/01/2025,Tallaght University Hospital,Day Case,Adult,"2,045",323,139,26,"2,533"
30/01/2025,Tipperary University Hospital,Day Case,Adult,257,35,7,0,299
30/01/2025,University Hospital Kerry,Day Case,Adult,290,31,2,0,323
30/01/2025,University Hospital Limerick,Day Case,Adult,"1,091",567,276,53,"1,987"
30/01/2025,University Hospital Waterford,Day Case,Adult,"2,544",866,373,783,"4,566"
30/01/2025,Wexford General Hospital,Day Case,Adult,669,91,32,22,814
30/01/2025,Beaumont Hospital,Inpatient,Adult,"1,657","1,083",322,193,"3,255"
30/01/2025,Connolly Hospital Blanchardstown,Inpatient,Adult,277,9,0,0,286
30/01/2025,Coombe Women and Infants University Hospital,Inpatient,Adult,38,17,2,2,60
30/01/2025,Cork University Hospital,Inpatient,Adult,330,140,72,76,618
30/01/2025,Cork University Maternity Hospital,Inpatient,Adult,149,42,2,0,194
30/01/2025,Croom Orthopaedic Hospital,Inpatient,Adult,261,2,0,0,263
30/01/2025,Galway University Hospitals,Inpatient,Adult,"1,042",612,420,701,"2,775"
30/01/2025,Kilcreene Regional Orthopaedic Hospital,Inpatient,Adult,364,131,2,0,497
30/01/2025,Letterkenny University Hospital,Inpatient,Adult,244,58,35,51,388
30/01/2025,Mater Misericordiae University Hospital,Inpatient,Adult,"1,230",464,187,361,"2,242"
30/01/2025,Mayo University Hospital,Inpatient,Adult,183,68,18,5,274
30/01/2025,Mercy University Hospital,Inpatient,Adult,159,26,16,6,207
30/01/2025,Midland Regional Hospital Portlaoise,Inpatient,Adult,15,5,0,2,22
30/01/2025,Midland Regional Hospital Tullamore,Inpatient,Adult,430,176,11,0,617
30/01/2025,National Orthopaedic Hospital Cappagh,Inpatient,Adult,"1,166",339,22,2,"1,529"
30/01/2025,Our Lady of Lourdes Hospital Drogheda,Inpatient,Adult,228,87,48,2,366
30/01/2025,Our Lady's Hospital Navan,Inpatient,Adult,200,15,2,2,220
30/01/2025,Portiuncula University Hospital,Inpatient,Adult,16,12,9,0,37
30/01/2025,Rotunda Hospital,Inpatient,Adult,66,10,5,2,84
30/01/2025,Royal Victoria Eye and Ear Hospital,Inpatient,Adult,209,149,108,66,532
30/01/2025,Sligo University Hospital,Inpatient,Adult,321,120,49,47,537
30/01/2025,Small Volume Hospitals,Inpatient,Adult,23,16,7,2,48
30/01/2025,South Infirmary Victoria University Hospital,Inpatient,Adult,204,76,56,65,401
30/01/2025,St. James's Hospital,Inpatient,Adult,925,492,206,265,"1,888"
30/01/2025,St. John's Hospital Limerick,Inpatient,Adult,345,117,10,0,472
30/01/2025,St. Michael's Hospital,Inpatient,Adult,252,110,14,12,388
30/01/2025,St. Vincent's University Hospital,Inpatient,Adult,726,187,86,157,"1,156"
30/01/2025,Tallaght University Hospital,Inpatient,Adult,914,565,198,193,"1,870"
30/01/2025,Tipperary University Hospital,Inpatient,Adult,65,9,2,0,77
30/01/2025,University Hospital Kerry,Inpatient,Adult,93,6,0,0,99
30/01/2025,University Hospital Limerick,Inpatient,Adult,512,145,64,42,763
30/01/2025,University Hospital Waterford,Inpatient,Adult,160,45,39,68,312
30/01/2025,Children's Health Ireland,Day Case,Child,"1,892",873,488,544,"3,797"
30/01/2025,Cork University Hospital,Day Case,Child,205,104,54,30,393
30/01/2025,Galway University Hospitals,Day Case,Child,294,155,75,59,583
30/01/2025,Letterkenny University Hospital,Day Case,Child,34,16,0,2,52
30/01/2025,Midland Regional Hospital Mullingar,Day Case,Child,38,15,0,0,53
30/01/2025,Midland Regional Hospital Tullamore,Day Case,Child,99,2,0,0,101
30/01/2025,Our Lady of Lourdes Hospital Drogheda,Day Case,Child,31,17,31,2,81
30/01/2025,Royal Victoria Eye and Ear Hospital,Day Case,Child,48,18,4,2,72
30/01/2025,Sligo University Hospital,Day Case,Child,76,10,4,2,92
30/01/2025,Small Volume Hospitals,Day Case,Child,96,12,0,0,108
30/01/2025,South Infirmary Victoria University Hospital,Day Case,Child,125,51,11,2,189
30/01/2025,University Hospital Limerick,Day Case,Child,184,51,53,2,290
30/01/2025,University Hospital Waterford,Day Case,Child,86,35,28,23,172
30/01/2025,Children's Health Ireland,Inpatient,Child,"1,189",560,289,332,"2,370"
30/01/2025,Galway University Hospitals,Inpatient,Child,107,51,63,22,243
30/01/2025,Midland Regional Hospital Tullamore,Inpatient,Child,168,0,0,0,168
30/01/2025,National Orthopaedic Hospital Cappagh,Inpatient,Child,24,4,2,0,30
30/01/2025,Royal Victoria Eye and Ear Hospital,Inpatient,Child,19,11,4,5,39
30/01/2025,Sligo University Hospital,Inpatient,Child,52,2,2,0,56
30/01/2025,Small Volume Hospitals,Inpatient,Child,14,11,9,0,35
30/01/2025,South Infirmary Victoria University Hospital,Inpatient,Child,60,32,4,0,96
30/01/2025,University Hospital Limerick,Inpatient,Child,37,4,4,2,47
30/01/2025,University Hospital Waterford,Inpatient,Child,76,69,24,2,171
27/02/2025,Bantry General Hospital,Day Case,Adult,224,36,18,27,305
27/02/2025,Beaumont Hospital,Day Case,Adult,"3,341","1,799",497,320,"5,957"
27/02/2025,Cavan General Hospital,Day Case,Adult,470,28,9,2,509
27/02/2025,Connolly Hospital Blanchardstown,Day Case,Adult,993,79,0,0,"1,072"
27/02/2025,Coombe Women and Infants University Hospital,Day Case,Adult,110,15,4,0,129
27/02/2025,Cork University Hospital,Day Case,Adult,679,236,88,53,"1,056"
27/02/2025,Cork University Maternity Hospital,Day Case,Adult,352,60,2,2,416
27/02/2025,Croom Orthopaedic Hospital,Day Case,Adult,348,2,0,0,350
27/02/2025,Ennis Hospital,Day Case,Adult,501,109,12,0,622
27/02/2025,Galway University Hospitals,Day Case,Adult,"5,163","2,031",618,635,"8,447"
27/02/2025,Kilcreene Regional Orthopaedic Hospital,Day Case,Adult,256,24,0,2,282
27/02/2025,Letterkenny University Hospital,Day Case,Adult,"1,398",139,34,29,"1,600"
27/02/2025,Louth County Hospital,Day Case,Adult,547,41,0,0,588
27/02/2025,Mallow General Hospital,Day Case,Adult,271,108,48,35,462
27/02/2025,Mater Misericordiae University Hospital,Day Case,Adult,"3,560",789,287,489,"5,125"
27/02/2025,Mayo University Hospital,Day Case,Adult,661,51,7,2,721
27/02/2025,Mercy University Hospital,Day Case,Adult,471,61,4,2,538
27/02/2025,Midland Regional Hospital Mullingar,Day Case,Adult,565,100,40,9,714
27/02/2025,Midland Regional Hospital Portlaoise,Day Case,Adult,253,55,34,16,358
27/02/2025,Midland Regional Hospital Tullamore,Day Case,Adult,822,237,11,0,"1,070"
27/02/2025,Naas General Hospital,Day Case,Adult,228,59,4,2,293
27/02/2025,National Orthopaedic Hospital Cappagh,Day Case,Adult,514,26,2,0,542
27/02/2025,Nenagh Hospital,Day Case,Adult,916,442,37,2,"1,397"
27/02/2025,Our Lady of Lourdes Hospital Drogheda,Day Case,Adult,445,152,60,0,657
27/02/2025,Our Lady's Hospital Navan,Day Case,Adult,644,86,4,0,734
27/02/2025,Portiuncula University Hospital,Day Case,Adult,420,106,50,6,582
27/02/2025,Roscommon University Hospital,Day Case,Adult,379,135,104,62,680
27/02/2025,Rotunda Hospital,Day Case,Adult,167,29,10,17,223
27/02/2025,Royal Victoria Eye and Ear Hospital,Day Case,Adult,"1,659",321,209,83,"2,272"
27/02/2025,Sligo University Hospital,Day Case,Adult,"1,538",476,225,145,"2,384"
27/02/2025,South Infirmary Victoria University Hospital,Day Case,Adult,"2,135",850,340,455,"3,780"
27/02/2025,St. Columcille's Hospital,Day Case,Adult,332,37,37,5,411
27/02/2025,St. James's Hospital,Day Case,Adult,"2,327",783,336,274,"3,720"
27/02/2025,St. John's Hospital Limerick,Day Case,Adult,234,35,4,0,273
27/02/2025,St. Luke's General Hospital Kilkenny,Day Case,Adult,499,126,39,59,723
27/02/2025,St. Michael's Hospital,Day Case,Adult,813,136,26,20,995
27/02/2025,St. Vincent's University Hospital,Day Case,Adult,"1,921",520,108,145,"2,694"
27/02/2025,Tallaght University Hospital,Day Case,Adult,"2,052",325,138,35,"2,550"
27/02/2025,Tipperary University Hospital,Day Case,Adult,294,35,10,0,339
27/02/2025,University Hospital Kerry,Day Case,Adult,223,29,2,0,254
27/02/2025,University Hospital Limerick,Day Case,Adult,"1,257",534,285,56,"2,132"
27/02/2025,University Hospital Waterford,Day Case,Adult,"2,681",796,408,778,"4,663"
27/02/2025,Wexford General Hospital,Day Case,Adult,719,100,27,22,868
27/02/2025,Beaumont Hospital,Inpatient,Adult,"1,647","1,080",440,239,"3,406"
27/02/2025,Connolly Hospital Blanchardstown,Inpatient,Adult,313,13,0,0,326
27/02/2025,Coombe Women and Infants University Hospital,Inpatient,Adult,33,22,2,2,59
27/02/2025,Cork University Hospital,Inpatient,Adult,309,151,85,77,622
27/02/2025,Cork University Maternity Hospital,Inpatient,Adult,152,31,2,0,185
27/02/2025,Croom Orthopaedic Hospital,Inpatient,Adult,274,2,0,0,276
27/02/2025,Galway University Hospitals,Inpatient,Adult,"1,058",555,449,705,"2,767"
27/02/2025,Kilcreene Regional Orthopaedic Hospital,Inpatient,Adult,363,124,9,5,501
27/02/2025,Letterkenny University Hospital,Inpatient,Adult,229,58,39,68,394
27/02/2025,Mater Misericordiae University Hospital,Inpatient,Adult,"1,284",447,202,365,"2,298"
27/02/2025,Mayo University Hospital,Inpatient,Adult,205,76,16,7,304
27/02/2025,Mercy University Hospital,Inpatient,Adult,162,23,11,2,198
27/02/2025,Midland Regional Hospital Tullamore,Inpatient,Adult,468,190,21,2,681
27/02/2025,National Orthopaedic Hospital Cappagh,Inpatient,Adult,"1,111",331,30,0,"1,472"
27/02/2025,Our Lady of Lourdes Hospital Drogheda,Inpatient,Adult,234,95,48,2,379
27/02/2025,Our Lady's Hospital Navan,Inpatient,Adult,186,12,2,2,202
27/02/2025,Portiuncula University Hospital,Inpatient,Adult,12,15,8,0,35
27/02/2025,Rotunda Hospital,Inpatient,Adult,77,12,4,2,95
27/02/2025,Royal Victoria Eye and Ear Hospital,Inpatient,Adult,205,131,117,71,524
27/02/2025,Sligo University Hospital,Inpatient,Adult,328,137,49,58,572
27/02/2025,Small Volume Hospitals,Inpatient,Adult,51,19,13,6,88
27/02/2025,South Infirmary Victoria University Hospital,Inpatient,Adult,183,65,58,66,372
27/02/2025,St. James's Hospital,Inpatient,Adult,"1,011",494,226,281,"2,012"
27/02/2025,St. John's Hospital Limerick,Inpatient,Adult,347,93,4,2,446
27/02/2025,St. Michael's Hospital,Inpatient,Adult,299,114,19,9,441
27/02/2025,St. Vincent's University Hospital,Inpatient,Adult,709,194,83,160,"1,146"
27/02/2025,Tallaght University Hospital,Inpatient,Adult,962,624,232,210,"2,028"
27/02/2025,Tipperary University Hospital,Inpatient,Adult,97,15,4,0,116
27/02/2025,University Hospital Kerry,Inpatient,Adult,101,12,0,0,113
27/02/2025,University Hospital Limerick,Inpatient,Adult,589,159,65,47,860
27/02/2025,University Hospital Waterford,Inpatient,Adult,164,45,37,71,317
27/02/2025,Children's Health Ireland,Day Case,Child,"1,848",809,484,559,"3,700"
27/02/2025,Cork University Hospital,Day Case,Child,237,107,62,32,438
27/02/2025,Galway University Hospitals,Day Case,Child,296,143,81,67,587
27/02/2025,Letterkenny University Hospital,Day Case,Child,39,15,2,2,58
27/02/2025,Midland Regional Hospital Mullingar,Day Case,Child,38,18,0,0,56
27/02/2025,Midland Regional Hospital Tullamore,Day Case,Child,102,2,0,0,104
27/02/2025,Our Lady of Lourdes Hospital Drogheda,Day Case,Child,30,27,30,2,89
27/02/2025,Portiuncula University Hospital,Day Case,Child,18,2,0,0,20
27/02/2025,Royal Victoria Eye and Ear Hospital,Day Case,Child,44,14,9,2,69
27/02/2025,Sligo University Hospital,Day Case,Child,88,25,4,2,119
27/02/2025,Small Volume Hospitals,Day Case,Child,81,14,0,2,97
27/02/2025,South Infirmary Victoria University Hospital,Day Case,Child,123,47,13,2,185
27/02/2025,University Hospital Limerick,Day Case,Child,205,42,45,5,297
27/02/2025,University Hospital Waterford,Day Case,Child,99,36,25,25,185
27/02/2025,Children's Health Ireland,Inpatient,Child,"1,229",551,275,334,"2,389"
27/02/2025,Cork University Hospital,Inpatient,Child,11,4,8,0,23
27/02/2025,Galway University Hospitals,Inpatient,Child,105,45,60,30,240
27/02/2025,Midland Regional Hospital Tullamore,Inpatient,Child,160,0,0,0,160
27/02/2025,National Orthopaedic Hospital Cappagh,Inpatient,Child,24,4,7,0,35
27/02/2025,Royal Victoria Eye and Ear Hospital,Inpatient,Child,12,15,4,6,37
27/02/2025,Sligo University Hospital,Inpatient,Child,40,2,2,0,44
27/02/2025,Small Volume Hospitals,Inpatient,Child,15,2,5,0,22
27/02/2025,South Infirmary Victoria University Hospital,Inpatient,Child,74,28,4,0,106
27/02/2025,University Hospital Limerick,Inpatient,Child,42,2,4,2,50
27/02/2025,University Hospital Waterford,Inpatient,Child,69,53,30,2,154
27/03/2025,Bantry General Hospital,Day Case,Adult,196,13,4,2,215
27/03/2025,Beaumont Hospital,Day Case,Adult,"3,304","1,816",544,339,"6,003"
27/03/2025,Cavan General Hospital,Day Case,Adult,362,26,8,2,398
27/03/2025,Connolly Hospital Blanchardstown,Day Case,Adult,941,152,0,0,"1,093"
27/03/2025,Coombe Women and Infants University Hospital,Day Case,Adult,104,14,2,0,120
27/03/2025,Cork University Hospital,Day Case,Adult,627,248,95,50,"1,020"
27/03/2025,Cork University Maternity Hospital,Day Case,Adult,339,62,4,0,405
27/03/2025,Croom Orthopaedic Hospital,Day Case,Adult,357,31,0,0,388
27/03/2025,Ennis Hospital,Day Case,Adult,475,134,21,0,630
27/03/2025,Galway University Hospitals,Day Case,Adult,"5,278","2,205",632,673,"8,788"
27/03/2025,Kilcreene Regional Orthopaedic Hospital,Day Case,Adult,244,19,2,2,267
27/03/2025,Letterkenny University Hospital,Day Case,Adult,"1,500",191,36,29,"1,756"
27/03/2025,Louth County Hospital,Day Case,Adult,585,37,0,0,622
27/03/2025,Mallow General Hospital,Day Case,Adult,251,116,47,38,452
27/03/2025,Mater Misericordiae University Hospital,Day Case,Adult,"3,457",773,290,483,"5,003"
27/03/2025,Mayo University Hospital,Day Case,Adult,659,65,13,2,739
27/03/2025,Mercy University Hospital,Day Case,Adult,483,74,15,15,587
27/03/2025,Midland Regional Hospital Mullingar,Day Case,Adult,548,84,28,2,662
27/03/2025,Midland Regional Hospital Portlaoise,Day Case,Adult,245,50,30,16,341
27/03/2025,Midland Regional Hospital Tullamore,Day Case,Adult,778,273,16,0,"1,067"
27/03/2025,Naas General Hospital,Day Case,Adult,215,72,7,2,296
27/03/2025,National Orthopaedic Hospital Cappagh,Day Case,Adult,569,30,5,2,606
27/03/2025,Nenagh Hospital,Day Case,Adult,831,473,44,0,"1,348"
27/03/2025,Our Lady of Lourdes Hospital Drogheda,Day Case,Adult,400,170,67,2,639
27/03/2025,Our Lady's Hospital Navan,Day Case,Adult,690,84,0,0,774
27/03/2025,Portiuncula University Hospital,Day Case,Adult,401,96,51,2,550
27/03/2025,Roscommon University Hospital,Day Case,Adult,391,167,112,64,734
27/03/2025,Rotunda Hospital,Day Case,Adult,111,35,11,17,174
27/03/2025,Royal Victoria Eye and Ear Hospital,Day Case,Adult,"1,711",314,220,86,"2,331"
27/03/2025,Sligo University Hospital,Day Case,Adult,"1,462",484,238,157,"2,341"
27/03/2025,South Infirmary Victoria University Hospital,Day Case,Adult,"2,267",805,356,474,"3,902"
27/03/2025,St. Columcille's Hospital,Day Case,Adult,360,34,33,5,432
27/03/2025,St. James's Hospital,Day Case,Adult,"2,519",783,369,294,"3,965"
27/03/2025,St. John's Hospital Limerick,Day Case,Adult,253,40,4,0,297
27/03/2025,St. Luke's General Hospital Kilkenny,Day Case,Adult,516,160,53,63,792
27/03/2025,St. Michael's Hospital,Day Case,Adult,715,141,26,20,902
27/03/2025,St. Vincent's University Hospital,Day Case,Adult,"1,981",513,98,143,"2,735"
27/03/2025,Tallaght University Hospital,Day Case,Adult,"2,131",353,143,46,"2,673"
27/03/2025,Tipperary University Hospital,Day Case,Adult,275,35,7,0,317
27/03/2025,University Hospital Kerry,Day Case,Adult,206,35,0,0,241
27/03/2025,University Hospital Limerick,Day Case,Adult,"1,209",563,314,70,"2,156"
27/03/2025,University Hospital Waterford,Day Case,Adult,"2,740",788,414,766,"4,708"
27/03/2025,Wexford General Hospital,Day Case,Adult,760,98,30,24,912
27/03/2025,Beaumont Hospital,Inpatient,Adult,"1,580","1,086",523,261,"3,450"
27/03/2025,Connolly Hospital Blanchardstown,Inpatient,Adult,272,36,0,0,308
27/03/2025,Coombe Women and Infants University Hospital,Inpatient,Adult,29,17,4,0,50
27/03/2025,Cork University Hospital,Inpatient,Adult,290,148,96,68,602
27/03/2025,Cork University Maternity Hospital,Inpatient,Adult,169,29,4,0,202
27/03/2025,Croom Orthopaedic Hospital,Inpatient,Adult,284,4,0,0,288
27/03/2025,Galway University Hospitals,Inpatient,Adult,"1,045",519,432,741,"2,737"
27/03/2025,Kilcreene Regional Orthopaedic Hospital,Inpatient,Adult,344,136,2,0,482
27/03/2025,Letterkenny University Hospital,Inpatient,Adult,223,66,33,69,391
27/03/2025,Mater Misericordiae University Hospital,Inpatient,Adult,"1,319",448,216,376,"2,359"
27/03/2025,Mayo University Hospital,Inpatient,Adult,174,92,17,8,291
27/03/2025,Mercy University Hospital,Inpatient,Adult,162,23,12,5,202
27/03/2025,Midland Regional Hospital Tullamore,Inpatient,Adult,469,208,31,2,710
27/03/2025,National Orthopaedic Hospital Cappagh,Inpatient,Adult,"1,074",363,21,2,"1,460"
27/03/2025,Our Lady of Lourdes Hospital Drogheda,Inpatient,Adult,204,109,44,6,363
27/03/2025,Our Lady's Hospital Navan,Inpatient,Adult,203,20,0,2,225
27/03/2025,Portiuncula University Hospital,Inpatient,Adult,10,16,4,0,30
27/03/2025,Rotunda Hospital,Inpatient,Adult,61,15,4,2,82
27/03/2025,Royal Victoria Eye and Ear Hospital,Inpatient,Adult,206,124,126,77,533
27/03/2025,Sligo University Hospital,Inpatient,Adult,322,146,55,57,580
27/03/2025,Small Volume Hospitals,Inpatient,Adult,30,19,8,4,61
27/03/2025,South Infirmary Victoria University Hospital,Inpatient,Adult,179,65,47,70,361
27/03/2025,St. James's Hospital,Inpatient,Adult,922,459,222,274,"1,877"
27/03/2025,St. John's Hospital Limerick,Inpatient,Adult,408,103,10,2,523
27/03/2025,St. Michael's Hospital,Inpatient,Adult,239,109,25,2,375
27/03/2025,St. Vincent's University Hospital,Inpatient,Adult,711,187,89,148,"1,135"
27/03/2025,Tallaght University Hospital,Inpatient,Adult,870,678,278,226,"2,052"
27/03/2025,Tipperary University Hospital,Inpatient,Adult,72,16,2,0,90
27/03/2025,University Hospital Kerry,Inpatient,Adult,83,13,0,0,96
27/03/2025,University Hospital Limerick,Inpatient,Adult,621,158,70,53,902
27/03/2025,University Hospital Waterford,Inpatient,Adult,149,49,31,72,301
27/03/2025,Cavan General Hospital,Day Case,Child,18,2,0,0,20
27/03/2025,Children's Health Ireland,Day Case,Child,"1,865",854,559,555,"3,833"
27/03/2025,Cork University Hospital,Day Case,Child,218,110,65,33,426
27/03/2025,Galway University Hospitals,Day Case,Child,319,141,85,71,616
27/03/2025,Letterkenny University Hospital,Day Case,Child,45,15,2,2,65
27/03/2025,Midland Regional Hospital Mullingar,Day Case,Child,29,19,0,0,48
27/03/2025,Midland Regional Hospital Tullamore,Day Case,Child,88,2,0,0,90
27/03/2025,Our Lady of Lourdes Hospital Drogheda,Day Case,Child,35,26,17,0,78
27/03/2025,Royal Victoria Eye and Ear Hospital,Day Case,Child,38,10,7,2,58
27/03/2025,Sligo University Hospital,Day Case,Child,92,22,10,2,126
27/03/2025,Small Volume Hospitals,Day Case,Child,76,11,0,2,89
27/03/2025,South Infirmary Victoria University Hospital,Day Case,Child,114,38,16,2,170
27/03/2025,University Hospital Limerick,Day Case,Child,229,47,40,2,318
27/03/2025,University Hospital Waterford,Day Case,Child,106,41,27,27,201
27/03/2025,Children's Health Ireland,Inpatient,Child,"1,269",620,258,364,"2,511"
27/03/2025,Cork University Hospital,Inpatient,Child,11,4,5,2,22
27/03/2025,Galway University Hospitals,Inpatient,Child,109,57,58,36,260
27/03/2025,Midland Regional Hospital Tullamore,Inpatient,Child,140,5,0,0,145
27/03/2025,National Orthopaedic Hospital Cappagh,Inpatient,Child,27,4,7,0,38
27/03/2025,Royal Victoria Eye and Ear Hospital,Inpatient,Child,8,13,4,6,31
27/03/2025,Sligo University Hospital,Inpatient,Child,55,2,2,0,59
27/03/2025,Small Volume Hospitals,Inpatient,Child,12,2,6,0,20
27/03/2025,South Infirmary Victoria University Hospital,Inpatient,Child,73,22,0,2,97
27/03/2025,University Hospital Limerick,Inpatient,Child,48,2,4,2,56
27/03/2025,University Hospital Waterford,Inpatient,Child,71,57,24,5,157
24/04/2025,Bantry General Hospital,Day Case,Adult,145,18,0,2,166
24/04/2025,Beaumont Hospital,Day Case,Adult,"3,391","1,857",617,329,"6,194"
24/04/2025,Cavan General Hospital,Day Case,Adult,343,21,2,2,369
24/04/2025,Connolly Hospital Blanchardstown,Day Case,Adult,963,161,5,2,"1,131"
24/04/2025,Coombe Women and Infants University Hospital,Day Case,Adult,87,18,2,0,108
24/04/2025,Cork University Hospital,Day Case,Adult,632,240,78,37,987
24/04/2025,Cork University Maternity Hospital,Day Case,Adult,359,69,5,0,433
24/04/2025,Croom Orthopaedic Hospital,Day Case,Adult,382,59,0,0,441
24/04/2025,Ennis Hospital,Day Case,Adult,469,208,27,2,707
24/04/2025,Galway University Hospitals,Day Case,Adult,"5,130","2,325",590,683,"8,728"
24/04/2025,Kilcreene Regional Orthopaedic Hospital,Day Case,Adult,220,27,2,0,250
24/04/2025,Letterkenny University Hospital,Day Case,Adult,"1,436",213,41,27,"1,717"
24/04/2025,Louth County Hospital,Day Case,Adult,553,35,0,0,588
24/04/2025,Mallow General Hospital,Day Case,Adult,249,115,43,40,447
24/04/2025,Mater Misericordiae University Hospital,Day Case,Adult,"4,702","1,257",646,"1,487","8,092"
24/04/2025,Mayo University Hospital,Day Case,Adult,690,47,7,6,750
24/04/2025,Mercy University Hospital,Day Case,Adult,530,89,14,7,640
24/04/2025,Midland Regional Hospital Mullingar,Day Case,Adult,563,88,16,2,670
24/04/2025,Midland Regional Hospital Portlaoise,Day Case,Adult,283,53,23,21,380
24/04/2025,Midland Regional Hospital Tullamore,Day Case,Adult,710,331,32,0,"1,073"
24/04/2025,Naas General Hospital,Day Case,Adult,251,91,10,2,355
24/04/2025,National Orthopaedic Hospital Cappagh,Day Case,Adult,582,38,7,2,629
24/04/2025,Nenagh Hospital,Day Case,Adult,843,449,67,2,"1,362"
24/04/2025,Our Lady of Lourdes Hospital Drogheda,Day Case,Adult,388,178,73,2,641
24/04/2025,Our Lady's Hospital Navan,Day Case,Adult,573,88,2,2,666
24/04/2025,Portiuncula University Hospital,Day Case,Adult,424,98,51,6,579
24/04/2025,Roscommon University Hospital,Day Case,Adult,411,120,60,62,653
24/04/2025,Rotunda Hospital,Day Case,Adult,107,37,5,13,162
24/04/2025,Royal Victoria Eye and Ear Hospital,Day Case,Adult,"1,801",304,200,109,"2,414"
24/04/2025,Sligo University Hospital,Day Case,Adult,"1,473",553,246,172,"2,444"
24/04/2025,South Infirmary Victoria University Hospital,Day Case,Adult,"2,219",780,395,475,"3,869"
24/04/2025,St. Columcille's Hospital,Day Case,Adult,332,41,29,10,412
24/04/2025,St. James's Hospital,Day Case,Adult,"2,212",737,332,271,"3,552"
24/04/2025,St. John's Hospital Limerick,Day Case,Adult,257,42,2,0,301
24/04/2025,St. Luke's General Hospital Kilkenny,Day Case,Adult,517,152,43,62,774
24/04/2025,St. Michael's Hospital,Day Case,Adult,721,151,33,19,924
24/04/2025,St. Vincent's University Hospital,Day Case,Adult,"1,941",508,105,123,"2,677"
24/04/2025,Tallaght University Hospital,Day Case,Adult,"1,926",388,134,52,"2,500"
24/04/2025,Tipperary University Hospital,Day Case,Adult,303,32,6,0,341
24/04/2025,University Hospital Kerry,Day Case,Adult,201,31,2,0,235
24/04/2025,University Hospital Limerick,Day Case,Adult,"1,232",606,319,90,"2,247"
24/04/2025,University Hospital Waterford,Day Case,Adult,"2,620",836,395,777,"4,628"
24/04/2025,Wexford General Hospital,Day Case,Adult,695,151,27,24,897
24/04/2025,Beaumont Hospital,Inpatient,Adult,"1,438","1,177",600,281,"3,496"
24/04/2025,Connolly Hospital Blanchardstown,Inpatient,Adult,267,43,2,0,312
24/04/2025,Coombe Women and Infants University Hospital,Inpatient,Adult,36,20,0,0,56
24/04/2025,Cork University Hospital,Inpatient,Adult,264,148,94,55,561
24/04/2025,Cork University Maternity Hospital,Inpatient,Adult,186,31,7,0,224
24/04/2025,Croom Orthopaedic Hospital,Inpatient,Adult,264,9,0,0,273
24/04/2025,Galway University Hospitals,Inpatient,Adult,955,511,422,774,"2,662"
24/04/2025,Kilcreene Regional Orthopaedic Hospital,Inpatient,Adult,342,174,2,0,518
24/04/2025,Letterkenny University Hospital,Inpatient,Adult,203,68,34,47,352
24/04/2025,Mater Misericordiae University Hospital,Inpatient,Adult,"1,246",484,205,387,"2,322"
24/04/2025,Mayo University Hospital,Inpatient,Adult,183,93,19,11,306
24/04/2025,Mercy University Hospital,Inpatient,Adult,157,23,17,5,202
24/04/2025,Midland Regional Hospital Tullamore,Inpatient,Adult,456,215,40,2,713
24/04/2025,National Orthopaedic Hospital Cappagh,Inpatient,Adult,"1,125",368,30,2,"1,525"
24/04/2025,Our Lady of Lourdes Hospital Drogheda,Inpatient,Adult,203,120,46,7,376
24/04/2025,Our Lady's Hospital Navan,Inpatient,Adult,179,20,2,0,201
24/04/2025,Portiuncula University Hospital,Inpatient,Adult,14,14,8,0,36
24/04/2025,Rotunda Hospital,Inpatient,Adult,68,15,4,2,89
24/04/2025,Royal Victoria Eye and Ear Hospital,Inpatient,Adult,214,115,124,84,537
24/04/2025,Sligo University Hospital,Inpatient,Adult,369,148,59,58,634
24/04/2025,Small Volume Hospitals,Inpatient,Adult,24,14,4,8,50
24/04/2025,South Infirmary Victoria University Hospital,Inpatient,Adult,169,46,49,68,332
24/04/2025,St. James's Hospital,Inpatient,Adult,"1,014",442,217,209,"1,882"
24/04/2025,St. John's Hospital Limerick,Inpatient,Adult,488,105,14,2,609
24/04/2025,St. Michael's Hospital,Inpatient,Adult,252,112,33,2,399
24/04/2025,St. Vincent's University Hospital,Inpatient,Adult,658,183,88,132,"1,061"
24/04/2025,Tallaght University Hospital,Inpatient,Adult,840,667,322,240,"2,069"
24/04/2025,Tipperary University Hospital,Inpatient,Adult,74,14,2,2,92
24/04/2025,University Hospital Kerry,Inpatient,Adult,78,14,0,0,92
24/04/2025,University Hospital Limerick,Inpatient,Adult,851,203,72,56,"1,182"
24/04/2025,University Hospital Waterford,Inpatient,Adult,141,57,30,70,298
24/04/2025,Children's Health Ireland,Day Case,Child,"1,921",903,549,566,"3,939"
24/04/2025,Cork University Hospital,Day Case,Child,183,110,72,33,398
24/04/2025,Galway University Hospitals,Day Case,Child,322,150,92,74,638
24/04/2025,Letterkenny University Hospital,Day Case,Child,36,25,0,2,63
24/04/2025,Midland Regional Hospital Mullingar,Day Case,Child,26,23,0,0,49
24/04/2025,Midland Regional Hospital Tullamore,Day Case,Child,67,12,0,0,79
24/04/2025,National Orthopaedic Hospital Cappagh,Day Case,Child,23,0,0,0,23
24/04/2025,Our Lady of Lourdes Hospital Drogheda,Day Case,Child,49,24,17,0,90
24/04/2025,Royal Victoria Eye and Ear Hospital,Day Case,Child,37,16,7,2,62
24/04/2025,Sligo University Hospital,Day Case,Child,96,24,8,2,130
24/04/2025,Small Volume Hospitals,Day Case,Child,83,12,0,2,98
24/04/2025,South Infirmary Victoria University Hospital,Day Case,Child,119,34,16,2,171
24/04/2025,University Hospital Limerick,Day Case,Child,251,53,35,2,341
24/04/2025,University Hospital Waterford,Day Case,Child,103,45,22,32,202
24/04/2025,Children's Health Ireland,Inpatient,Child,"1,203",651,265,374,"2,493"
24/04/2025,Galway University Hospitals,Inpatient,Child,117,63,47,40,267
24/04/2025,Midland Regional Hospital Tullamore,Inpatient,Child,127,14,0,0,141
24/04/2025,National Orthopaedic Hospital Cappagh,Inpatient,Child,40,7,4,0,52
24/04/2025,Royal Victoria Eye and Ear Hospital,Inpatient,Child,15,14,4,6,40
24/04/2025,Sligo University Hospital,Inpatient,Child,66,2,4,0,73
24/04/2025,Small Volume Hospitals,Inpatient,Child,22,4,12,2,40
24/04/2025,South Infirmary Victoria University Hospital,Inpatient,Child,64,17,0,2,83
24/04/2025,University Hospital Limerick,Inpatient,Child,50,6,4,2,63
24/04/2025,University Hospital Waterford,Inpatient,Child,71,44,30,2,147
29/05/2025,Bantry General Hospital,Day Case,Adult,139,37,0,0,176
29/05/2025,Beaumont Hospital,Day Case,Adult,"3,617","1,634",644,309,"6,204"
29/05/2025,Cavan General Hospital,Day Case,Adult,352,32,2,0,386
29/05/2025,Connolly Hospital Blanchardstown,Day Case,Adult,982,72,2,0,"1,056"
29/05/2025,Coombe Women and Infants University Hospital,Day Case,Adult,81,20,2,0,103
29/05/2025,Cork University Hospital,Day Case,Adult,642,225,70,26,963
29/05/2025,Cork University Maternity Hospital,Day Case,Adult,381,64,5,2,452
29/05/2025,Croom Orthopaedic Hospital,Day Case,Adult,438,77,0,0,515
29/05/2025,Ennis Hospital,Day Case,Adult,491,177,34,2,704
29/05/2025,Galway University Hospitals,Day Case,Adult,"5,112","2,526",647,703,"8,988"
29/05/2025,Kilcreene Regional Orthopaedic Hospital,Day Case,Adult,187,28,2,0,217
29/05/2025,Letterkenny University Hospital,Day Case,Adult,"1,511",273,60,34,"1,878"
29/05/2025,Louth County Hospital,Day Case,Adult,624,54,0,0,678
29/05/2025,Mallow General Hospital,Day Case,Adult,230,110,41,29,410
29/05/2025,Mater Misericordiae University Hospital,Day Case,Adult,"4,542","1,193",642,"1,140","7,517"
29/05/2025,Mayo University Hospital,Day Case,Adult,789,66,7,7,869
29/05/2025,Mercy University Hospital,Day Case,Adult,585,101,17,7,710
29/05/2025,Midland Regional Hospital Mullingar,Day Case,Adult,573,83,13,2,671
29/05/2025,Midland Regional Hospital Portlaoise,Day Case,Adult,234,57,19,18,328
29/05/2025,Midland Regional Hospital Tullamore,Day Case,Adult,783,392,37,0,"1,212"
29/05/2025,Naas General Hospital,Day Case,Adult,222,98,9,2,331
29/05/2025,National Orthopaedic Hospital Cappagh,Day Case,Adult,561,49,2,2,614
29/05/2025,Nenagh Hospital,Day Case,Adult,767,462,149,2,"1,380"
29/05/2025,Our Lady of Lourdes Hospital Drogheda,Day Case,Adult,382,168,88,7,645
29/05/2025,Our Lady's Hospital Navan,Day Case,Adult,555,85,2,0,642
29/05/2025,Portiuncula University Hospital,Day Case,Adult,412,94,56,7,569
29/05/2025,Roscommon University Hospital,Day Case,Adult,396,132,55,69,652
29/05/2025,Rotunda Hospital,Day Case,Adult,239,45,16,14,314
29/05/2025,Royal Victoria Eye and Ear Hospital,Day Case,Adult,"1,729",296,216,118,"2,359"
29/05/2025,Sligo University Hospital,Day Case,Adult,"1,526",554,267,167,"2,514"
29/05/2025,South Infirmary Victoria University Hospital,Day Case,Adult,"2,403",713,400,475,"3,991"
29/05/2025,St. Columcille's Hospital,Day Case,Adult,329,25,21,10,385
29/05/2025,St. James's Hospital,Day Case,Adult,"1,960",692,289,276,"3,217"
29/05/2025,St. John's Hospital Limerick,Day Case,Adult,282,49,2,0,333
29/05/2025,St. Luke's General Hospital Kilkenny,Day Case,Adult,503,141,57,59,760
29/05/2025,St. Michael's Hospital,Day Case,Adult,630,152,48,12,842
29/05/2025,St. Vincent's University Hospital,Day Case,Adult,"1,858",577,99,117,"2,651"
29/05/2025,Tallaght University Hospital,Day Case,Adult,"2,118",399,140,75,"2,732"
29/05/2025,Tipperary University Hospital,Day Case,Adult,324,29,12,0,365
29/05/2025,University Hospital Kerry,Day Case,Adult,169,25,0,0,194
29/05/2025,University Hospital Limerick,Day Case,Adult,"1,255",584,365,134,"2,338"
29/05/2025,University Hospital Waterford,Day Case,Adult,"2,651",772,381,787,"4,591"
29/05/2025,Wexford General Hospital,Day Case,Adult,708,173,25,24,930
29/05/2025,Beaumont Hospital,Inpatient,Adult,"1,307","1,024",611,307,"3,249"
29/05/2025,Connolly Hospital Blanchardstown,Inpatient,Adult,260,26,0,0,286
29/05/2025,Coombe Women and Infants University Hospital,Inpatient,Adult,33,18,0,0,51
29/05/2025,Cork University Hospital,Inpatient,Adult,304,159,80,53,596
29/05/2025,Cork University Maternity Hospital,Inpatient,Adult,174,36,13,2,224
29/05/2025,Croom Orthopaedic Hospital,Inpatient,Adult,316,15,0,0,331
29/05/2025,Galway University Hospitals,Inpatient,Adult,962,483,430,773,"2,648"
29/05/2025,Kilcreene Regional Orthopaedic Hospital,Inpatient,Adult,345,184,2,0,531
29/05/2025,Letterkenny University Hospital,Inpatient,Adult,233,72,35,46,386
29/05/2025,Mater Misericordiae University Hospital,Inpatient,Adult,"1,284",483,220,384,"2,371"
29/05/2025,Mayo University Hospital,Inpatient,Adult,158,83,21,15,277
29/05/2025,Mercy University Hospital,Inpatient,Adult,153,31,15,2,201
29/05/2025,Midland Regional Hospital Tullamore,Inpatient,Adult,468,193,57,2,720
29/05/2025,National Orthopaedic Hospital Cappagh,Inpatient,Adult,"1,014",404,28,2,"1,447"
29/05/2025,Our Lady of Lourdes Hospital Drogheda,Inpatient,Adult,213,110,50,13,386
29/05/2025,Our Lady's Hospital Navan,Inpatient,Adult,164,27,3,0,194
29/05/2025,Portiuncula University Hospital,Inpatient,Adult,23,11,10,0,43
29/05/2025,Rotunda Hospital,Inpatient,Adult,148,27,7,6,188
29/05/2025,Royal Victoria Eye and Ear Hospital,Inpatient,Adult,213,122,115,94,544
29/05/2025,Sligo University Hospital,Inpatient,Adult,365,176,66,47,654
29/05/2025,Small Volume Hospitals,Inpatient,Adult,32,8,10,7,57
29/05/2025,South Infirmary Victoria University Hospital,Inpatient,Adult,163,39,38,72,312
29/05/2025,St. James's Hospital,Inpatient,Adult,915,476,237,217,"1,845"
29/05/2025,St. John's Hospital Limerick,Inpatient,Adult,466,83,14,7,570
29/05/2025,St. Michael's Hospital,Inpatient,Adult,249,95,44,0,388
29/05/2025,St. Vincent's University Hospital,Inpatient,Adult,619,164,80,122,985
29/05/2025,Tallaght University Hospital,Inpatient,Adult,829,638,369,246,"2,082"
29/05/2025,Tipperary University Hospital,Inpatient,Adult,76,9,3,0,88
29/05/2025,University Hospital Kerry,Inpatient,Adult,65,13,2,0,79
29/05/2025,University Hospital Limerick,Inpatient,Adult,602,381,76,65,"1,124"
29/05/2025,University Hospital Waterford,Inpatient,Adult,144,60,25,62,291
29/05/2025,Cavan General Hospital,Day Case,Child,18,2,0,0,20
29/05/2025,Children's Health Ireland,Day Case,Child,"2,003",926,563,563,"4,055"
29/05/2025,Cork University Hospital,Day Case,Child,171,95,64,36,366
29/05/2025,Galway University Hospitals,Day Case,Child,243,143,87,82,555
29/05/2025,Letterkenny University Hospital,Day Case,Child,33,20,2,2,57
29/05/2025,Midland Regional Hospital Mullingar,Day Case,Child,25,12,2,0,39
29/05/2025,Midland Regional Hospital Tullamore,Day Case,Child,76,13,0,0,89
29/05/2025,Our Lady of Lourdes Hospital Drogheda,Day Case,Child,48,26,19,0,93
29/05/2025,Portiuncula University Hospital,Day Case,Child,21,2,0,0,23
29/05/2025,Royal Victoria Eye and Ear Hospital,Day Case,Child,38,12,9,2,61
29/05/2025,Sligo University Hospital,Day Case,Child,78,31,11,2,122
29/05/2025,Small Volume Hospitals,Day Case,Child,67,10,0,2,79
29/05/2025,South Infirmary Victoria University Hospital,Day Case,Child,110,26,14,2,152
29/05/2025,University Hospital Limerick,Day Case,Child,242,54,24,6,326
29/05/2025,University Hospital Waterford,Day Case,Child,93,54,18,31,196
29/05/2025,Children's Health Ireland,Inpatient,Child,"1,189",645,280,372,"2,486"
29/05/2025,Galway University Hospitals,Inpatient,Child,104,29,39,49,221
29/05/2025,Midland Regional Hospital Tullamore,Inpatient,Child,137,30,0,0,167
29/05/2025,National Orthopaedic Hospital Cappagh,Inpatient,Child,38,7,7,2,54
29/05/2025,Royal Victoria Eye and Ear Hospital,Inpatient,Child,14,12,4,7,37
29/05/2025,Sligo University Hospital,Inpatient,Child,59,8,4,0,71
29/05/2025,Small Volume Hospitals,Inpatient,Child,22,6,11,2,41
29/05/2025,South Infirmary Victoria University Hospital,Inpatient,Child,68,7,2,2,79
29/05/2025,University Hospital Limerick,Inpatient,Child,47,15,2,0,64
29/05/2025,University Hospital Waterford,Inpatient,Child,89,32,35,7,163
26/06/2025,Bantry General Hospital,Day Case,Adult,142,2,0,0,144
26/06/2025,Beaumont Hospital,Day Case,Adult,"3,570","1,541",737,327,"6,175"
26/06/2025,Cavan General Hospital,Day Case,Adult,369,37,0,0,406
26/06/2025,Connolly Hospital Blanchardstown,Day Case,Adult,923,94,2,0,"1,019"
26/06/2025,Coombe Women and Infants University Hospital,Day Case,Adult,87,11,2,0,100
26/06/2025,Cork University Hospital,Day Case,Adult,646,216,64,17,943
26/06/2025,Cork University Maternity Hospital,Day Case,Adult,381,65,4,0,450
26/06/2025,Croom Orthopaedic Hospital,Day Case,Adult,381,59,0,0,440
26/06/2025,Ennis Hospital,Day Case,Adult,484,144,37,0,665
26/06/2025,Galway University Hospitals,Day Case,Adult,"4,986","2,610",874,741,"9,211"
26/06/2025,Kilcreene Regional Orthopaedic Hospital,Day Case,Adult,205,15,0,0,220
26/06/2025,Letterkenny University Hospital,Day Case,Adult,"1,385",271,58,27,"1,741"
26/06/2025,Louth County Hospital,Day Case,Adult,575,61,0,0,636
26/06/2025,Mallow General Hospital,Day Case,Adult,212,102,43,26,383
26/06/2025,Mater Misericordiae University Hospital,Day Case,Adult,"4,491","1,184",681,"1,104","7,460"
26/06/2025,Mayo University Hospital,Day Case,Adult,748,65,9,5,827
26/06/2025,Mercy University Hospital,Day Case,Adult,552,138,25,7,722
26/06/2025,Midland Regional Hospital Mullingar,Day Case,Adult,486,61,13,0,560
26/06/2025,Midland Regional Hospital Portlaoise,Day Case,Adult,189,44,15,11,259
26/06/2025,Midland Regional Hospital Tullamore,Day Case,Adult,729,317,47,0,"1,093"
26/06/2025,Naas General Hospital,Day Case,Adult,188,66,5,0,259
26/06/2025,National Orthopaedic Hospital Cappagh,Day Case,Adult,700,65,4,0,769
26/06/2025,Nenagh Hospital,Day Case,Adult,729,494,170,2,"1,395"
26/06/2025,Our Lady of Lourdes Hospital Drogheda,Day Case,Adult,366,194,86,14,660
26/06/2025,Our Lady's Hospital Navan,Day Case,Adult,586,108,12,0,706
26/06/2025,Portiuncula University Hospital,Day Case,Adult,371,84,47,5,507
26/06/2025,Roscommon University Hospital,Day Case,Adult,396,109,45,71,621
26/06/2025,Rotunda Hospital,Day Case,Adult,252,32,15,11,310
26/06/2025,Royal Victoria Eye and Ear Hospital,Day Case,Adult,"1,899",303,209,132,"2,543"
26/06/2025,Sligo University Hospital,Day Case,Adult,"1,499",529,262,186,"2,476"
26/06/2025,South Infirmary Victoria University Hospital,Day Case,Adult,"2,521",660,414,478,"4,073"
26/06/2025,St. Columcille's Hospital,Day Case,Adult,323,35,14,18,390
26/06/2025,St. James's Hospital,Day Case,Adult,"1,986",732,312,297,"3,327"
26/06/2025,St. John's Hospital Limerick,Day Case,Adult,249,41,0,0,290
26/06/2025,St. Luke's General Hospital Kilkenny,Day Case,Adult,574,148,58,60,840
26/06/2025,St. Michael's Hospital,Day Case,Adult,589,177,45,17,828
26/06/2025,St. Vincent's University Hospital,Day Case,Adult,"1,870",604,116,109,"2,699"
26/06/2025,Tallaght University Hospital,Day Case,Adult,"2,178",440,157,78,"2,853"
26/06/2025,Tipperary University Hospital,Day Case,Adult,322,31,13,0,366
26/06/2025,University Hospital Kerry,Day Case,Adult,192,32,2,0,226
26/06/2025,University Hospital Limerick,Day Case,Adult,"1,221",574,376,162,"2,333"
26/06/2025,University Hospital Waterford,Day Case,Adult,"2,670",770,342,778,"4,560"
26/06/2025,Wexford General Hospital,Day Case,Adult,687,221,22,20,950
26/06/2025,Beaumont Hospital,Inpatient,Adult,"1,279","1,036",650,347,"3,312"
26/06/2025,Connolly Hospital Blanchardstown,Inpatient,Adult,264,21,0,0,285
26/06/2025,Coombe Women and Infants University Hospital,Inpatient,Adult,28,16,2,0,46
26/06/2025,Cork University Hospital,Inpatient,Adult,298,150,66,35,549
26/06/2025,Cork University Maternity Hospital,Inpatient,Adult,205,44,13,2,264
26/06/2025,Croom Orthopaedic Hospital,Inpatient,Adult,324,28,0,0,352
26/06/2025,Galway University Hospitals,Inpatient,Adult,900,536,409,747,"2,592"
26/06/2025,Kilcreene Regional Orthopaedic Hospital,Inpatient,Adult,350,198,2,0,550
26/06/2025,Letterkenny University Hospital,Inpatient,Adult,238,74,28,45,385
26/06/2025,Mater Misericordiae University Hospital,Inpatient,Adult,"1,310",486,233,395,"2,424"
26/06/2025,Mayo University Hospital,Inpatient,Adult,155,65,22,14,256
26/06/2025,Mercy University Hospital,Inpatient,Adult,156,36,13,2,207
26/06/2025,Midland Regional Hospital Tullamore,Inpatient,Adult,425,186,47,2,660
26/06/2025,National Orthopaedic Hospital Cappagh,Inpatient,Adult,"1,090",412,35,2,"1,539"
26/06/2025,Our Lady of Lourdes Hospital Drogheda,Inpatient,Adult,202,112,57,16,387
26/06/2025,Our Lady's Hospital Navan,Inpatient,Adult,166,26,4,2,199
26/06/2025,Portiuncula University Hospital,Inpatient,Adult,18,11,11,2,43
26/06/2025,Rotunda Hospital,Inpatient,Adult,147,35,8,5,195
26/06/2025,Royal Victoria Eye and Ear Hospital,Inpatient,Adult,212,131,107,105,555
26/06/2025,Sligo University Hospital,Inpatient,Adult,345,155,68,55,623
26/06/2025,Small Volume Hospitals,Inpatient,Adult,13,9,9,5,36
26/06/2025,South Infirmary Victoria University Hospital,Inpatient,Adult,204,67,41,86,398
26/06/2025,St. James's Hospital,Inpatient,Adult,902,477,260,218,"1,857"
26/06/2025,St. John's Hospital Limerick,Inpatient,Adult,474,83,8,2,567
26/06/2025,St. Michael's Hospital,Inpatient,Adult,213,99,46,2,360
26/06/2025,St. Vincent's University Hospital,Inpatient,Adult,629,163,85,114,991
26/06/2025,Tallaght University Hospital,Inpatient,Adult,802,597,373,265,"2,037"
26/06/2025,Tipperary University Hospital,Inpatient,Adult,71,11,2,2,87
26/06/2025,University Hospital Kerry,Inpatient,Adult,57,13,0,0,70
26/06/2025,University Hospital Limerick,Inpatient,Adult,547,353,76,72,"1,048"
26/06/2025,University Hospital Waterford,Inpatient,Adult,129,59,23,62,273
26/06/2025,Cavan General Hospital,Day Case,Child,19,2,0,0,21
26/06/2025,Children's Health Ireland,Day Case,Child,"1,943",941,536,525,"3,945"
26/06/2025,Cork University Hospital,Day Case,Child,164,100,47,33,344
26/06/2025,Galway University Hospitals,Day Case,Child,207,159,79,83,528
26/06/2025,Letterkenny University Hospital,Day Case,Child,33,20,2,2,58
26/06/2025,Midland Regional Hospital Mullingar,Day Case,Child,18,11,2,0,32
26/06/2025,Midland Regional Hospital Tullamore,Day Case,Child,55,2,0,0,58
26/06/2025,Our Lady of Lourdes Hospital Drogheda,Day Case,Child,39,19,8,5,71
26/06/2025,Royal Victoria Eye and Ear Hospital,Day Case,Child,28,18,7,2,56
26/06/2025,Sligo University Hospital,Day Case,Child,73,29,7,2,112
26/06/2025,Small Volume Hospitals,Day Case,Child,87,7,0,0,94
26/06/2025,South Infirmary Victoria University Hospital,Day Case,Child,114,17,17,2,151
26/06/2025,University Hospital Limerick,Day Case,Child,234,53,19,2,308
26/06/2025,University Hospital Waterford,Day Case,Child,95,43,19,33,190
26/06/2025,Children's Health Ireland,Inpatient,Child,"1,188",705,289,300,"2,482"
26/06/2025,Galway University Hospitals,Inpatient,Child,79,49,33,59,220
26/06/2025,Midland Regional Hospital Tullamore,Inpatient,Child,97,32,0,0,129
26/06/2025,National Orthopaedic Hospital Cappagh,Inpatient,Child,31,8,7,2,48
26/06/2025,Royal Victoria Eye and Ear Hospital,Inpatient,Child,11,11,4,8,34
26/06/2025,Sligo University Hospital,Inpatient,Child,40,13,4,0,57
26/06/2025,Small Volume Hospitals,Inpatient,Child,24,2,10,2,38
26/06/2025,South Infirmary Victoria University Hospital,Inpatient,Child,75,2,2,2,81
26/06/2025,University Hospital Limerick,Inpatient,Child,42,10,0,2,54
26/06/2025,University Hospital Waterford,Inpatient,Child,94,30,33,8,165
31/07/2025,Bantry General Hospital,Day Case,Adult,130,2,0,0,132
31/07/2025,Beaumont Hospital,Day Case,Adult,"3,812","1,431",699,349,"6,291"
31/07/2025,Cavan General Hospital,Day Case,Adult,296,21,0,0,317
31/07/2025,Connolly Hospital Blanchardstown,Day Case,Adult,"1,036",79,8,0,"1,123"
31/07/2025,Coombe Women and Infants University Hospital,Day Case,Adult,80,9,2,0,92
31/07/2025,Cork University Hospital,Day Case,Adult,661,215,57,18,951
31/07/2025,Cork University Maternity Hospital,Day Case,Adult,388,38,2,0,428
31/07/2025,Croom Orthopaedic Hospital,Day Case,Adult,411,73,0,0,484
31/07/2025,Ennis Hospital,Day Case,Adult,474,107,7,0,588
31/07/2025,Galway University Hospitals,Day Case,Adult,"4,970","2,253",985,745,"8,953"
31/07/2025,Kilcreene Regional Orthopaedic Hospital,Day Case,Adult,149,20,2,0,171
31/07/2025,Letterkenny University Hospital,Day Case,Adult,"1,333",223,38,27,"1,621"
31/07/2025,Louth County Hospital,Day Case,Adult,587,90,0,0,677
31/07/2025,Mallow General Hospital,Day Case,Adult,267,90,27,12,396
31/07/2025,Mater Misericordiae University Hospital,Day Case,Adult,"4,524","1,096",726,"1,090","7,436"
31/07/2025,Mayo University Hospital,Day Case,Adult,798,52,12,2,865
31/07/2025,Mercy University Hospital,Day Case,Adult,573,131,18,6,728
31/07/2025,Midland Regional Hospital Mullingar,Day Case,Adult,521,56,18,2,598
31/07/2025,Midland Regional Hospital Portlaoise,Day Case,Adult,250,46,15,10,321
31/07/2025,Midland Regional Hospital Tullamore,Day Case,Adult,696,272,87,0,"1,055"
31/07/2025,Naas General Hospital,Day Case,Adult,190,54,6,0,250
31/07/2025,National Orthopaedic Hospital Cappagh,Day Case,Adult,765,59,2,0,826
31/07/2025,Nenagh Hospital,Day Case,Adult,788,462,199,2,"1,451"
31/07/2025,Our Lady of Lourdes Hospital Drogheda,Day Case,Adult,336,171,81,26,614
31/07/2025,Our Lady's Hospital Navan,Day Case,Adult,516,62,10,0,589
31/07/2025,Portiuncula University Hospital,Day Case,Adult,361,87,49,9,506
31/07/2025,Roscommon University Hospital,Day Case,Adult,347,73,43,75,538
31/07/2025,Rotunda Hospital,Day Case,Adult,260,33,10,11,314
31/07/2025,Royal Victoria Eye and Ear Hospital,Day Case,Adult,"1,953",279,204,143,"2,579"
31/07/2025,Sligo University Hospital,Day Case,Adult,"1,447",400,243,215,"2,305"
31/07/2025,South Infirmary Victoria University Hospital,Day Case,Adult,"2,473",683,449,468,"4,073"
31/07/2025,St. Columcille's Hospital,Day Case,Adult,291,47,11,19,368
31/07/2025,St. James's Hospital,Day Case,Adult,"2,566",680,321,261,"3,828"
31/07/2025,St. John's Hospital Limerick,Day Case,Adult,256,31,0,0,287
31/07/2025,St. Luke's General Hospital Kilkenny,Day Case,Adult,644,120,58,49,871
31/07/2025,St. Michael's Hospital,Day Case,Adult,706,173,55,19,953
31/07/2025,St. Vincent's University Hospital,Day Case,Adult,"1,899",551,133,79,"2,662"
31/07/2025,Tallaght University Hospital,Day Case,Adult,"2,221",413,137,88,"2,859"
31/07/2025,Tipperary University Hospital,Day Case,Adult,347,30,13,0,390
31/07/2025,University Hospital Kerry,Day Case,Adult,233,24,2,0,260
31/07/2025,University Hospital Limerick,Day Case,Adult,"1,091",568,362,178,"2,199"
31/07/2025,University Hospital Waterford,Day Case,Adult,"2,933",671,352,759,"4,715"
31/07/2025,Wexford General Hospital,Day Case,Adult,773,237,23,25,"1,058"
31/07/2025,Beaumont Hospital,Inpatient,Adult,"1,323",963,716,412,"3,414"
31/07/2025,Connolly Hospital Blanchardstown,Inpatient,Adult,277,26,2,0,305
31/07/2025,Coombe Women and Infants University Hospital,Inpatient,Adult,21,11,2,0,34
31/07/2025,Cork University Hospital,Inpatient,Adult,340,147,63,42,592
31/07/2025,Cork University Maternity Hospital,Inpatient,Adult,185,51,14,2,252
31/07/2025,Croom Orthopaedic Hospital,Inpatient,Adult,351,21,0,0,372
31/07/2025,Galway University Hospitals,Inpatient,Adult,950,506,367,791,"2,614"
31/07/2025,Kilcreene Regional Orthopaedic Hospital,Inpatient,Adult,399,176,6,2,583
31/07/2025,Letterkenny University Hospital,Inpatient,Adult,214,69,31,40,354
31/07/2025,Mater Misericordiae University Hospital,Inpatient,Adult,"1,359",501,226,364,"2,450"
31/07/2025,Mayo University Hospital,Inpatient,Adult,162,60,9,12,243
31/07/2025,Mercy University Hospital,Inpatient,Adult,172,32,11,6,221
31/07/2025,Midland Regional Hospital Tullamore,Inpatient,Adult,439,190,58,2,689
31/07/2025,National Orthopaedic Hospital Cappagh,Inpatient,Adult,"1,156",387,47,2,"1,592"
31/07/2025,Our Lady of Lourdes Hospital Drogheda,Inpatient,Adult,219,111,56,25,411
31/07/2025,Our Lady's Hospital Navan,Inpatient,Adult,183,24,2,0,209
31/07/2025,Portiuncula University Hospital,Inpatient,Adult,8,15,8,2,33
31/07/2025,Rotunda Hospital,Inpatient,Adult,150,33,4,5,192
31/07/2025,Royal Victoria Eye and Ear Hospital,Inpatient,Adult,192,121,88,99,500
31/07/2025,Sligo University Hospital,Inpatient,Adult,326,138,61,53,578
31/07/2025,Small Volume Hospitals,Inpatient,Adult,22,10,8,0,40
31/07/2025,South Infirmary Victoria University Hospital,Inpatient,Adult,226,57,39,81,403
31/07/2025,St. James's Hospital,Inpatient,Adult,779,421,267,223,"1,690"
31/07/2025,St. John's Hospital Limerick,Inpatient,Adult,446,83,8,2,539
31/07/2025,St. Michael's Hospital,Inpatient,Adult,238,102,55,2,397
31/07/2025,St. Vincent's University Hospital,Inpatient,Adult,678,157,81,107,"1,023"
31/07/2025,Tallaght University Hospital,Inpatient,Adult,855,546,353,220,"1,974"
31/07/2025,Tipperary University Hospital,Inpatient,Adult,69,7,4,0,80
31/07/2025,University Hospital Kerry,Inpatient,Adult,81,8,0,0,89
31/07/2025,University Hospital Limerick,Inpatient,Adult,598,321,74,69,"1,062"
31/07/2025,University Hospital Waterford,Inpatient,Adult,134,53,27,59,273
31/07/2025,Cavan General Hospital,Day Case,Child,20,2,0,0,22
31/07/2025,Children's Health Ireland,Day Case,Child,"1,912",849,458,467,"3,686"
31/07/2025,Cork University Hospital,Day Case,Child,158,108,30,21,317
31/07/2025,Galway University Hospitals,Day Case,Child,216,133,90,87,526
31/07/2025,Letterkenny University Hospital,Day Case,Child,30,16,2,0,49
31/07/2025,Midland Regional Hospital Mullingar,Day Case,Child,24,8,2,0,34
31/07/2025,Midland Regional Hospital Tullamore,Day Case,Child,68,2,0,0,71
31/07/2025,Our Lady of Lourdes Hospital Drogheda,Day Case,Child,44,14,11,5,74
31/07/2025,Royal Victoria Eye and Ear Hospital,Day Case,Child,32,17,5,2,56
31/07/2025,Sligo University Hospital,Day Case,Child,75,26,5,2,108
31/07/2025,Small Volume Hospitals,Day Case,Child,97,9,0,0,106
31/07/2025,South Infirmary Victoria University Hospital,Day Case,Child,119,18,16,2,156
31/07/2025,University Hospital Limerick,Day Case,Child,194,59,14,2,270
31/07/2025,University Hospital Waterford,Day Case,Child,105,36,22,30,193
31/07/2025,Children's Health Ireland,Inpatient,Child,"1,235",680,324,294,"2,533"
31/07/2025,Galway University Hospitals,Inpatient,Child,75,51,24,60,210
31/07/2025,Midland Regional Hospital Tullamore,Inpatient,Child,107,38,0,0,145
31/07/2025,National Orthopaedic Hospital Cappagh,Inpatient,Child,28,5,5,5,42
31/07/2025,Royal Victoria Eye and Ear Hospital,Inpatient,Child,8,7,5,7,27
31/07/2025,Sligo University Hospital,Inpatient,Child,43,8,2,0,54
31/07/2025,Small Volume Hospitals,Inpatient,Child,16,2,5,2,25
31/07/2025,South Infirmary Victoria University Hospital,Inpatient,Child,85,12,5,2,104
31/07/2025,University Hospital Limerick,Inpatient,Child,85,14,2,2,104
31/07/2025,University Hospital Waterford,Inpatient,Child,106,28,28,8,170
28/08/2025,Bantry General Hospital,Day Case,Adult,38,0,0,0,38
28/08/2025,Beaumont Hospital,Day Case,Adult,"3,831","1,500",672,362,"6,365"
28/08/2025,Cavan General Hospital,Day Case,Adult,362,18,0,0,380
28/08/2025,Connolly Hospital Blanchardstown,Day Case,Adult,960,115,8,0,"1,083"
28/08/2025,Coombe Women and Infants University Hospital,Day Case,Adult,99,11,2,0,113
28/08/2025,Cork University Hospital,Day Case,Adult,620,201,49,18,888
28/08/2025,Cork University Maternity Hospital,Day Case,Adult,391,44,2,0,437
28/08/2025,Croom Orthopaedic Hospital,Day Case,Adult,357,117,0,0,474
28/08/2025,Ennis Hospital,Day Case,Adult,465,129,5,2,601
28/08/2025,Galway University Hospitals,Day Case,Adult,"4,653","2,366","1,057",789,"8,865"
28/08/2025,Kilcreene Regional Orthopaedic Hospital,Day Case,Adult,142,18,2,0,162
28/08/2025,Letterkenny University Hospital,Day Case,Adult,"1,229",214,42,30,"1,515"
28/08/2025,Louth County Hospital,Day Case,Adult,561,109,0,0,670
28/08/2025,Mallow General Hospital,Day Case,Adult,275,86,19,2,382
28/08/2025,Mater Misericordiae University Hospital,Day Case,Adult,"4,506","1,094",690,"1,075","7,365"
28/08/2025,Mayo University Hospital,Day Case,Adult,832,73,15,2,923
28/08/2025,Mercy University Hospital,Day Case,Adult,519,139,17,8,683
28/08/2025,Midland Regional Hospital Mullingar,Day Case,Adult,496,48,20,2,566
28/08/2025,Midland Regional Hospital Portlaoise,Day Case,Adult,205,51,20,12,288
28/08/2025,Midland Regional Hospital Tullamore,Day Case,Adult,729,278,95,2,"1,104"
28/08/2025,Naas General Hospital,Day Case,Adult,182,67,8,0,257
28/08/2025,National Orthopaedic Hospital Cappagh,Day Case,Adult,572,52,2,0,626
28/08/2025,Nenagh Hospital,Day Case,Adult,915,452,176,2,"1,545"
28/08/2025,Our Lady of Lourdes Hospital Drogheda,Day Case,Adult,319,187,85,35,626
28/08/2025,Our Lady's Hospital Navan,Day Case,Adult,473,47,5,0,525
28/08/2025,Portiuncula University Hospital,Day Case,Adult,404,72,49,6,531
28/08/2025,Roscommon University Hospital,Day Case,Adult,385,104,39,79,607
28/08/2025,Rotunda Hospital,Day Case,Adult,279,36,2,7,324
28/08/2025,Royal Victoria Eye and Ear Hospital,Day Case,Adult,"2,014",286,186,160,"2,646"
28/08/2025,Sligo University Hospital,Day Case,Adult,"1,275",378,234,227,"2,114"
28/08/2025,South Infirmary Victoria University Hospital,Day Case,Adult,"2,555",699,438,458,"4,150"
28/08/2025,St. Columcille's Hospital,Day Case,Adult,275,45,10,21,352
28/08/2025,St. James's Hospital,Day Case,Adult,"2,660",702,321,277,"3,960"
28/08/2025,St. John's Hospital Limerick,Day Case,Adult,264,46,2,0,313
28/08/2025,St. Luke's General Hospital Kilkenny,Day Case,Adult,599,125,67,42,833
28/08/2025,St. Michael's Hospital,Day Case,Adult,580,164,52,18,814
28/08/2025,St. Vincent's University Hospital,Day Case,Adult,"1,841",580,140,67,"2,628"
28/08/2025,Tallaght University Hospital,Day Case,Adult,"2,244",435,153,94,"2,926"
28/08/2025,Tipperary University Hospital,Day Case,Adult,318,30,8,2,359
28/08/2025,University Hospital Kerry,Day Case,Adult,265,25,0,0,290
28/08/2025,University Hospital Limerick,Day Case,Adult,"1,002",625,323,200,"2,150"
28/08/2025,University Hospital Waterford,Day Case,Adult,"2,860",711,327,760,"4,658"
28/08/2025,Wexford General Hospital,Day Case,Adult,687,249,24,25,985
28/08/2025,Beaumont Hospital,Inpatient,Adult,"1,250","1,010",690,451,"3,401"
28/08/2025,Connolly Hospital Blanchardstown,Inpatient,Adult,236,24,7,0,267
28/08/2025,Coombe Women and Infants University Hospital,Inpatient,Adult,23,13,0,0,36
28/08/2025,Cork University Hospital,Inpatient,Adult,320,140,63,43,566
28/08/2025,Cork University Maternity Hospital,Inpatient,Adult,157,50,8,2,217
28/08/2025,Croom Orthopaedic Hospital,Inpatient,Adult,295,36,0,0,331
28/08/2025,Galway University Hospitals,Inpatient,Adult,917,492,335,800,"2,544"
28/08/2025,Kilcreene Regional Orthopaedic Hospital,Inpatient,Adult,396,187,10,2,595
28/08/2025,Letterkenny University Hospital,Inpatient,Adult,186,65,24,38,313
28/08/2025,Mater Misericordiae University Hospital,Inpatient,Adult,"1,339",522,198,364,"2,423"
28/08/2025,Mayo University Hospital,Inpatient,Adult,148,63,14,10,235
28/08/2025,Mercy University Hospital,Inpatient,Adult,165,39,8,6,218
28/08/2025,Midland Regional Hospital Tullamore,Inpatient,Adult,451,221,60,9,741
28/08/2025,National Orthopaedic Hospital Cappagh,Inpatient,Adult,"1,160",385,40,2,"1,587"
28/08/2025,Our Lady of Lourdes Hospital Drogheda,Inpatient,Adult,231,112,59,38,440
28/08/2025,Our Lady's Hospital Navan,Inpatient,Adult,184,33,2,2,221
28/08/2025,Portiuncula University Hospital,Inpatient,Adult,10,11,12,0,33
28/08/2025,Rotunda Hospital,Inpatient,Adult,151,37,2,2,192
28/08/2025,Royal Victoria Eye and Ear Hospital,Inpatient,Adult,198,116,81,100,495
28/08/2025,Sligo University Hospital,Inpatient,Adult,334,146,71,58,609
28/08/2025,Small Volume Hospitals,Inpatient,Adult,29,10,8,2,48
28/08/2025,South Infirmary Victoria University Hospital,Inpatient,Adult,218,55,35,77,385
28/08/2025,St. James's Hospital,Inpatient,Adult,773,447,237,219,"1,676"
28/08/2025,St. John's Hospital Limerick,Inpatient,Adult,422,102,2,2,528
28/08/2025,St. Michael's Hospital,Inpatient,Adult,215,103,50,7,375
28/08/2025,St. Vincent's University Hospital,Inpatient,Adult,661,165,87,107,"1,020"
28/08/2025,Tallaght University Hospital,Inpatient,Adult,793,591,328,199,"1,911"
28/08/2025,Tipperary University Hospital,Inpatient,Adult,75,11,4,0,90
28/08/2025,University Hospital Kerry,Inpatient,Adult,57,4,0,0,61
28/08/2025,University Hospital Limerick,Inpatient,Adult,586,335,77,66,"1,064"
28/08/2025,University Hospital Waterford,Inpatient,Adult,142,56,27,57,282
28/08/2025,Cavan General Hospital,Day Case,Child,21,0,0,0,21
28/08/2025,Children's Health Ireland,Day Case,Child,"1,747",730,359,403,"3,239"
28/08/2025,Cork University Hospital,Day Case,Child,138,120,17,15,290
28/08/2025,Galway University Hospitals,Day Case,Child,200,138,72,91,501
28/08/2025,Letterkenny University Hospital,Day Case,Child,24,11,2,0,37
28/08/2025,Midland Regional Hospital Mullingar,Day Case,Child,20,8,0,0,28
28/08/2025,Midland Regional Hospital Tullamore,Day Case,Child,72,2,0,0,73
28/08/2025,Our Lady of Lourdes Hospital Drogheda,Day Case,Child,33,20,17,2,71
28/08/2025,Portiuncula University Hospital,Day Case,Child,23,0,0,0,23
28/08/2025,Royal Victoria Eye and Ear Hospital,Day Case,Child,35,20,3,6,64
28/08/2025,Sligo University Hospital,Day Case,Child,69,31,7,2,108
28/08/2025,Small Volume Hospitals,Day Case,Child,67,7,0,0,74
28/08/2025,South Infirmary Victoria University Hospital,Day Case,Child,122,20,9,5,155
28/08/2025,Tipperary University Hospital,Day Case,Child,22,2,0,0,23
28/08/2025,University Hospital Limerick,Day Case,Child,168,64,15,5,252
28/08/2025,University Hospital Waterford,Day Case,Child,105,31,18,33,187
28/08/2025,Children's Health Ireland,Inpatient,Child,"1,176",669,287,262,"2,394"
28/08/2025,Galway University Hospitals,Inpatient,Child,47,69,21,57,194
28/08/2025,Midland Regional Hospital Tullamore,Inpatient,Child,141,51,0,0,192
28/08/2025,National Orthopaedic Hospital Cappagh,Inpatient,Child,25,11,4,6,46
28/08/2025,Royal Victoria Eye and Ear Hospital,Inpatient,Child,8,4,4,9,25
28/08/2025,Sligo University Hospital,Inpatient,Child,32,7,2,2,43
28/08/2025,Small Volume Hospitals,Inpatient,Child,18,2,4,6,30
28/08/2025,South Infirmary Victoria University Hospital,Inpatient,Child,92,16,2,2,112
28/08/2025,University Hospital Limerick,Inpatient,Child,79,12,0,2,93
28/08/2025,University Hospital Waterford,Inpatient,Child,105,28,25,9,167
25/09/2025,Bantry General Hospital,Day Case,Adult,33,0,0,0,33
25/09/2025,Beaumont Hospital,Day Case,Adult,"3,913","1,528",670,380,"6,491"
25/09/2025,Cavan General Hospital,Day Case,Adult,436,16,0,0,452
25/09/2025,Connolly Hospital Blanchardstown,Day Case,Adult,"1,065",188,9,0,"1,262"
25/09/2025,Coombe Women and Infants University Hospital,Day Case,Adult,68,9,0,0,77
25/09/2025,Cork University Hospital,Day Case,Adult,664,200,60,17,941
25/09/2025,Cork University Maternity Hospital,Day Case,Adult,386,38,2,0,426
25/09/2025,Croom Orthopaedic Hospital,Day Case,Adult,358,152,0,0,510
25/09/2025,Ennis Hospital,Day Case,Adult,427,114,5,0,546
25/09/2025,Galway University Hospitals,Day Case,Adult,"4,585","2,431","1,218",804,"9,038"
25/09/2025,Kilcreene Regional Orthopaedic Hospital,Day Case,Adult,137,17,2,0,156
25/09/2025,Letterkenny University Hospital,Day Case,Adult,"1,331",224,56,31,"1,642"
25/09/2025,Louth County Hospital,Day Case,Adult,513,136,0,0,649
25/09/2025,Mallow General Hospital,Day Case,Adult,291,84,11,2,388
25/09/2025,Mater Misericordiae University Hospital,Day Case,Adult,"4,623","1,120",683,"1,027","7,453"
25/09/2025,Mayo University Hospital,Day Case,Adult,817,75,12,0,904
25/09/2025,Mercy University Hospital,Day Case,Adult,544,145,7,8,704
25/09/2025,Midland Regional Hospital Mullingar,Day Case,Adult,456,41,10,2,509
25/09/2025,Midland Regional Hospital Portlaoise,Day Case,Adult,218,46,22,14,300
25/09/2025,Midland Regional Hospital Tullamore,Day Case,Adult,695,292,122,9,"1,118"
25/09/2025,Naas General Hospital,Day Case,Adult,196,62,2,0,260
25/09/2025,National Maternity Hospital (Holles Street),Day Case,Adult,139,37,13,13,202
25/09/2025,National Orthopaedic Hospital Cappagh,Day Case,Adult,451,49,6,0,506
25/09/2025,Nenagh Hospital,Day Case,Adult,"1,122",403,199,5,"1,729"
25/09/2025,Our Lady of Lourdes Hospital Drogheda,Day Case,Adult,358,176,95,37,666
25/09/2025,Our Lady's Hospital Navan,Day Case,Adult,466,58,4,2,530
25/09/2025,Portiuncula University Hospital,Day Case,Adult,386,79,42,8,515
25/09/2025,Roscommon University Hospital,Day Case,Adult,384,104,35,77,600
25/09/2025,Rotunda Hospital,Day Case,Adult,280,31,4,5,320
25/09/2025,Royal Victoria Eye and Ear Hospital,Day Case,Adult,"2,006",314,158,167,"2,645"
25/09/2025,Sligo University Hospital,Day Case,Adult,"1,300",361,230,248,"2,139"
25/09/2025,South Infirmary Victoria University Hospital,Day Case,Adult,"2,504",687,452,469,"4,112"
25/09/2025,St. Columcille's Hospital,Day Case,Adult,345,53,10,21,429
25/09/2025,St. James's Hospital,Day Case,Adult,"2,757",748,255,266,"4,026"
25/09/2025,St. John's Hospital Limerick,Day Case,Adult,228,81,0,0,309
25/09/2025,St. Luke's General Hospital Kilkenny,Day Case,Adult,580,125,67,37,809
25/09/2025,St. Michael's Hospital,Day Case,Adult,590,145,45,11,791
25/09/2025,St. Vincent's University Hospital,Day Case,Adult,"1,867",558,170,70,"2,665"
25/09/2025,Tallaght University Hospital,Day Case,Adult,"2,241",379,135,110,"2,865"
25/09/2025,Tipperary University Hospital,Day Case,Adult,339,26,8,0,373
25/09/2025,University Hospital Kerry,Day Case,Adult,318,30,0,0,348
25/09/2025,University Hospital Limerick,Day Case,Adult,"1,075",630,304,220,"2,229"
25/09/2025,University Hospital Waterford,Day Case,Adult,"2,816",770,341,759,"4,686"
25/09/2025,Wexford General Hospital,Day Case,Adult,689,288,17,20,"1,014"
25/09/2025,Beaumont Hospital,Inpatient,Adult,"1,320","1,012",691,487,"3,510"
25/09/2025,Connolly Hospital Blanchardstown,Inpatient,Adult,290,25,14,0,329
25/09/2025,Coombe Women and Infants University Hospital,Inpatient,Adult,19,11,0,0,30
25/09/2025,Cork University Hospital,Inpatient,Adult,311,123,65,46,545
25/09/2025,Cork University Maternity Hospital,Inpatient,Adult,148,41,4,2,196
25/09/2025,Croom Orthopaedic Hospital,Inpatient,Adult,317,39,0,0,356
25/09/2025,Galway University Hospitals,Inpatient,Adult,954,484,326,829,"2,593"
25/09/2025,Kilcreene Regional Orthopaedic Hospital,Inpatient,Adult,399,189,17,0,605
25/09/2025,Letterkenny University Hospital,Inpatient,Adult,175,80,26,39,320
25/09/2025,Mater Misericordiae University Hospital,Inpatient,Adult,"1,305",575,184,377,"2,441"
25/09/2025,Mayo University Hospital,Inpatient,Adult,149,69,21,8,247
25/09/2025,Mercy University Hospital,Inpatient,Adult,163,48,7,6,224
25/09/2025,Midland Regional Hospital Mullingar,Inpatient,Adult,29,4,2,0,36
25/09/2025,Midland Regional Hospital Tullamore,Inpatient,Adult,483,208,57,8,756
25/09/2025,National Maternity Hospital (Holles Street),Inpatient,Adult,80,50,35,51,216
25/09/2025,National Orthopaedic Hospital Cappagh,Inpatient,Adult,"1,171",340,54,2,"1,567"
25/09/2025,Our Lady of Lourdes Hospital Drogheda,Inpatient,Adult,233,107,57,40,437
25/09/2025,Our Lady's Hospital Navan,Inpatient,Adult,174,29,2,0,205
25/09/2025,Portiuncula University Hospital,Inpatient,Adult,11,11,9,0,31
25/09/2025,Rotunda Hospital,Inpatient,Adult,146,38,4,2,190
25/09/2025,Royal Victoria Eye and Ear Hospital,Inpatient,Adult,186,122,70,106,484
25/09/2025,Sligo University Hospital,Inpatient,Adult,301,151,75,55,582
25/09/2025,Small Volume Hospitals,Inpatient,Adult,25,4,6,2,38
25/09/2025,South Infirmary Victoria University Hospital,Inpatient,Adult,208,44,31,65,348
25/09/2025,St. James's Hospital,Inpatient,Adult,848,435,254,217,"1,754"
25/09/2025,St. John's Hospital Limerick,Inpatient,Adult,356,182,2,0,540
25/09/2025,St. Michael's Hospital,Inpatient,Adult,246,89,44,2,381
25/09/2025,St. Vincent's University Hospital,Inpatient,Adult,662,176,88,109,"1,035"
25/09/2025,Tallaght University Hospital,Inpatient,Adult,828,560,337,219,"1,944"
25/09/2025,Tipperary University Hospital,Inpatient,Adult,59,9,2,0,70
25/09/2025,University Hospital Kerry,Inpatient,Adult,43,2,0,0,45
25/09/2025,University Hospital Limerick,Inpatient,Adult,596,367,76,66,"1,105"
25/09/2025,University Hospital Waterford,Inpatient,Adult,164,58,24,56,302
25/09/2025,Cavan General Hospital,Day Case,Child,25,0,0,0,25
25/09/2025,Children's Health Ireland,Day Case,Child,"1,804",734,328,337,"3,203"
25/09/2025,Cork University Hospital,Day Case,Child,160,118,23,11,312
25/09/2025,Galway University Hospitals,Day Case,Child,181,131,82,87,481
25/09/2025,Letterkenny University Hospital,Day Case,Child,19,4,4,2,30
25/09/2025,Midland Regional Hospital Mullingar,Day Case,Child,22,7,0,0,30
25/09/2025,Midland Regional Hospital Tullamore,Day Case,Child,64,8,0,0,72
25/09/2025,Our Lady of Lourdes Hospital Drogheda,Day Case,Child,33,17,19,2,72
25/09/2025,Royal Victoria Eye and Ear Hospital,Day Case,Child,38,19,4,6,67
25/09/2025,Sligo University Hospital,Day Case,Child,71,28,4,2,106
25/09/2025,Small Volume Hospitals,Day Case,Child,74,4,0,0,79
25/09/2025,South Infirmary Victoria University Hospital,Day Case,Child,125,22,4,5,156
25/09/2025,University Hospital Limerick,Day Case,Child,175,71,17,6,269
25/09/2025,University Hospital Waterford,Day Case,Child,114,29,22,34,199
25/09/2025,Children's Health Ireland,Inpatient,Child,"1,114",654,325,236,"2,329"
25/09/2025,Galway University Hospitals,Inpatient,Child,35,23,21,56,135
25/09/2025,Midland Regional Hospital Tullamore,Inpatient,Child,108,32,0,0,140
25/09/2025,National Orthopaedic Hospital Cappagh,Inpatient,Child,26,4,4,2,36
25/09/2025,Royal Victoria Eye and Ear Hospital,Inpatient,Child,10,4,9,9,32
25/09/2025,Sligo University Hospital,Inpatient,Child,30,4,2,2,38
25/09/2025,Small Volume Hospitals,Inpatient,Child,20,2,4,6,32
25/09/2025,South Infirmary Victoria University Hospital,Inpatient,Child,97,13,2,0,112
25/09/2025,University Hospital Limerick,Inpatient,Child,66,16,2,2,86
25/09/2025,University Hospital Waterford,Inpatient,Child,113,23,25,8,169
30/10/2025,Bantry General Hospital,Day Case,Adult,55,0,0,0,55
30/10/2025,Beaumont Hospital,Day Case,Adult,"4,184","1,917",822,524,"7,447"
30/10/2025,Cavan General Hospital,Day Case,Adult,411,37,2,0,451
30/10/2025,Connolly Hospital Blanchardstown,Day Case,Adult,"1,124",162,26,0,"1,312"
30/10/2025,Coombe Women and Infants University Hospital,Day Case,Adult,65,10,0,0,75
30/10/2025,Cork University Hospital,Day Case,Adult,672,198,78,20,968
30/10/2025,Cork University Maternity Hospital,Day Case,Adult,412,50,2,0,464
30/10/2025,Croom Orthopaedic Hospital,Day Case,Adult,316,195,2,0,514
30/10/2025,Ennis Hospital,Day Case,Adult,337,62,6,0,405
30/10/2025,Galway University Hospitals,Day Case,Adult,"4,316","2,383","1,310",809,"8,818"
30/10/2025,Kilcreene Regional Orthopaedic Hospital,Day Case,Adult,169,19,5,0,193
30/10/2025,Letterkenny University Hospital,Day Case,Adult,"1,617",234,60,30,"1,941"
30/10/2025,Louth County Hospital,Day Case,Adult,562,131,0,0,693
30/10/2025,Mallow General Hospital,Day Case,Adult,299,84,8,2,394
30/10/2025,Mater Misericordiae University Hospital,Day Case,Adult,"4,768","1,172",639,"1,009","7,588"
30/10/2025,Mayo University Hospital,Day Case,Adult,809,110,13,0,932
30/10/2025,Mercy University Hospital,Day Case,Adult,532,191,19,8,750
30/10/2025,Midland Regional Hospital Mullingar,Day Case,Adult,482,50,2,0,534
30/10/2025,Midland Regional Hospital Portlaoise,Day Case,Adult,191,43,30,12,276
30/10/2025,Midland Regional Hospital Tullamore,Day Case,Adult,721,306,153,19,"1,199"
30/10/2025,Naas General Hospital,Day Case,Adult,197,54,14,0,265
30/10/2025,National Maternity Hospital (Holles Street),Day Case,Adult,141,44,10,15,210
30/10/2025,National Orthopaedic Hospital Cappagh,Day Case,Adult,525,33,12,0,570
30/10/2025,Nenagh Hospital,Day Case,Adult,963,486,193,5,"1,647"
30/10/2025,Our Lady of Lourdes Hospital Drogheda,Day Case,Adult,387,143,81,44,655
30/10/2025,Our Lady's Hospital Navan,Day Case,Adult,426,53,11,2,493
30/10/2025,Portiuncula University Hospital,Day Case,Adult,425,56,31,9,521
30/10/2025,Roscommon University Hospital,Day Case,Adult,400,95,40,80,615
30/10/2025,Rotunda Hospital,Day Case,Adult,268,23,8,2,302
30/10/2025,Royal Victoria Eye and Ear Hospital,Day Case,Adult,"2,033",365,145,182,"2,725"
30/10/2025,Sligo University Hospital,Day Case,Adult,"1,375",337,237,249,"2,198"
30/10/2025,South Infirmary Victoria University Hospital,Day Case,Adult,"2,787",734,426,478,"4,425"
30/10/2025,St. Columcille's Hospital,Day Case,Adult,372,54,10,24,461
30/10/2025,St. James's Hospital,Day Case,Adult,"3,100",819,236,260,"4,415"
30/10/2025,St. John's Hospital Limerick,Day Case,Adult,216,61,0,0,277
30/10/2025,St. Luke's General Hospital Kilkenny,Day Case,Adult,703,130,57,33,923
30/10/2025,St. Michael's Hospital,Day Case,Adult,547,118,50,13,728
30/10/2025,St. Vincent's University Hospital,Day Case,Adult,"2,075",498,193,87,"2,853"
30/10/2025,Tallaght University Hospital,Day Case,Adult,"2,329",388,138,101,"2,956"
30/10/2025,Tipperary University Hospital,Day Case,Adult,316,25,5,0,346
30/10/2025,University Hospital Kerry,Day Case,Adult,288,41,0,0,329
30/10/2025,University Hospital Limerick,Day Case,Adult,"1,019",589,295,242,"2,145"
30/10/2025,University Hospital Waterford,Day Case,Adult,"2,976",825,385,753,"4,939"
30/10/2025,Wexford General Hospital,Day Case,Adult,797,306,29,22,"1,154"
30/10/2025,Beaumont Hospital,Inpatient,Adult,"1,212","1,011",774,784,"3,781"
30/10/2025,Connolly Hospital Blanchardstown,Inpatient,Adult,486,22,14,0,522
30/10/2025,Coombe Women and Infants University Hospital,Inpatient,Adult,15,8,2,0,25
30/10/2025,Cork University Hospital,Inpatient,Adult,294,118,75,38,525
30/10/2025,Cork University Maternity Hospital,Inpatient,Adult,173,36,4,0,213
30/10/2025,Croom Orthopaedic Hospital,Inpatient,Adult,348,38,2,0,388
30/10/2025,Galway University Hospitals,Inpatient,Adult,"1,022",446,335,793,"2,596"
30/10/2025,Kilcreene Regional Orthopaedic Hospital,Inpatient,Adult,409,182,44,0,635
30/10/2025,Letterkenny University Hospital,Inpatient,Adult,211,66,25,25,327
30/10/2025,Mater Misericordiae University Hospital,Inpatient,Adult,"1,273",595,239,389,"2,496"
30/10/2025,Mayo University Hospital,Inpatient,Adult,154,75,15,9,253
30/10/2025,Mercy University Hospital,Inpatient,Adult,183,46,8,6,243
30/10/2025,Midland Regional Hospital Mullingar,Inpatient,Adult,28,4,2,0,34
30/10/2025,Midland Regional Hospital Tullamore,Inpatient,Adult,505,245,63,18,831
30/10/2025,National Maternity Hospital (Holles Street),Inpatient,Adult,92,54,35,51,232
30/10/2025,National Orthopaedic Hospital Cappagh,Inpatient,Adult,"1,172",345,62,2,"1,581"
30/10/2025,Our Lady of Lourdes Hospital Drogheda,Inpatient,Adult,196,103,63,40,402
30/10/2025,Our Lady's Hospital Navan,Inpatient,Adult,158,32,0,0,190
30/10/2025,Portiuncula University Hospital,Inpatient,Adult,13,8,7,2,30
30/10/2025,Rotunda Hospital,Inpatient,Adult,127,44,4,7,182
30/10/2025,Royal Victoria Eye and Ear Hospital,Inpatient,Adult,176,125,65,102,468
30/10/2025,Sligo University Hospital,Inpatient,Adult,321,174,75,64,634
30/10/2025,Small Volume Hospitals,Inpatient,Adult,26,4,4,2,36
30/10/2025,South Infirmary Victoria University Hospital,Inpatient,Adult,222,42,32,70,366
30/10/2025,St. James's Hospital,Inpatient,Adult,816,402,267,229,"1,714"
30/10/2025,St. John's Hospital Limerick,Inpatient,Adult,361,171,2,0,534
30/10/2025,St. Michael's Hospital,Inpatient,Adult,204,86,47,2,339
30/10/2025,St. Vincent's University Hospital,Inpatient,Adult,695,150,93,113,"1,051"
30/10/2025,Tallaght University Hospital,Inpatient,Adult,845,528,380,241,"1,994"
30/10/2025,Tipperary University Hospital,Inpatient,Adult,53,11,2,0,66
30/10/2025,University Hospital Kerry,Inpatient,Adult,43,4,0,0,47
30/10/2025,University Hospital Limerick,Inpatient,Adult,633,392,90,57,"1,172"
30/10/2025,University Hospital Waterford,Inpatient,Adult,162,58,30,48,298
30/10/2025,Cavan General Hospital,Day Case,Child,24,2,0,0,26
30/10/2025,Children's Health Ireland,Day Case,Child,"1,867",717,315,264,"3,163"
30/10/2025,Cork University Hospital,Day Case,Child,160,85,45,11,301
30/10/2025,Galway University Hospitals,Day Case,Child,187,126,82,92,487
30/10/2025,Letterkenny University Hospital,Day Case,Child,32,4,0,0,36
30/10/2025,Midland Regional Hospital Mullingar,Day Case,Child,13,8,0,0,21
30/10/2025,Midland Regional Hospital Tullamore,Day Case,Child,77,9,0,0,86
30/10/2025,Our Lady of Lourdes Hospital Drogheda,Day Case,Child,43,19,17,5,84
30/10/2025,Royal Victoria Eye and Ear Hospital,Day Case,Child,31,22,4,5,62
30/10/2025,Sligo University Hospital,Day Case,Child,84,26,13,5,128
30/10/2025,Small Volume Hospitals,Day Case,Child,88,8,0,0,96
30/10/2025,South Infirmary Victoria University Hospital,Day Case,Child,121,18,10,6,155
30/10/2025,University Hospital Limerick,Day Case,Child,169,72,18,2,261
30/10/2025,University Hospital Waterford,Day Case,Child,106,29,24,33,192
30/10/2025,Children's Health Ireland,Inpatient,Child,"1,167",629,308,207,"2,311"
30/10/2025,Galway University Hospitals,Inpatient,Child,37,29,18,55,139
30/10/2025,Midland Regional Hospital Tullamore,Inpatient,Child,139,14,0,0,153
30/10/2025,National Orthopaedic Hospital Cappagh,Inpatient,Child,25,4,2,0,31
30/10/2025,Royal Victoria Eye and Ear Hospital,Inpatient,Child,14,4,4,7,29
30/10/2025,Sligo University Hospital,Inpatient,Child,48,7,2,2,59
30/10/2025,Small Volume Hospitals,Inpatient,Child,21,6,2,2,30
30/10/2025,South Infirmary Victoria University Hospital,Inpatient,Child,104,12,2,2,120
30/10/2025,University Hospital Limerick,Inpatient,Child,59,15,2,2,78
30/10/2025,University Hospital Waterford,Inpatient,Child,92,34,21,8,155
27/11/2025,Bantry General Hospital,Day Case,Adult,106,0,0,0,106
27/11/2025,Beaumont Hospital,Day Case,Adult,"4,212","2,082",841,527,"7,662"
27/11/2025,Cavan General Hospital,Day Case,Adult,305,0,0,0,305
27/11/2025,Connolly Hospital Blanchardstown,Day Case,Adult,"1,160",195,27,0,"1,382"
27/11/2025,Coombe Women and Infants University Hospital,Day Case,Adult,60,9,2,0,71
27/11/2025,Cork University Hospital,Day Case,Adult,660,212,97,23,992
27/11/2025,Cork University Maternity Hospital,Day Case,Adult,428,51,2,0,481
27/11/2025,Croom Orthopaedic Hospital,Day Case,Adult,242,239,2,0,483
27/11/2025,Ennis Hospital,Day Case,Adult,335,74,12,0,421
27/11/2025,Galway University Hospitals,Day Case,Adult,"4,478","2,233","1,312",848,"8,871"
27/11/2025,Kilcreene Regional Orthopaedic Hospital,Day Case,Adult,185,19,4,0,208
27/11/2025,Letterkenny University Hospital,Day Case,Adult,"1,675",243,58,22,"1,998"
27/11/2025,Louth County Hospital,Day Case,Adult,587,111,0,0,698
27/11/2025,Mallow General Hospital,Day Case,Adult,330,70,4,2,406
27/11/2025,Mater Misericordiae University Hospital,Day Case,Adult,"4,968","1,236",597,"1,000","7,801"
27/11/2025,Mayo University Hospital,Day Case,Adult,831,85,4,0,920
27/11/2025,Mercy University Hospital,Day Case,Adult,566,209,20,2,797
27/11/2025,Midland Regional Hospital Mullingar,Day Case,Adult,398,65,2,0,465
27/11/2025,Midland Regional Hospital Portlaoise,Day Case,Adult,214,36,35,10,295
27/11/2025,Midland Regional Hospital Tullamore,Day Case,Adult,724,313,185,19,"1,241"
27/11/2025,Naas General Hospital,Day Case,Adult,197,59,19,0,275
27/11/2025,National Maternity Hospital (Holles Street),Day Case,Adult,171,51,8,17,247
27/11/2025,National Orthopaedic Hospital Cappagh,Day Case,Adult,422,31,15,2,470
27/11/2025,Nenagh Hospital,Day Case,Adult,"1,021",460,197,20,"1,698"
27/11/2025,Our Lady of Lourdes Hospital Drogheda,Day Case,Adult,439,118,41,17,615
27/11/2025,Our Lady's Hospital Navan,Day Case,Adult,411,65,10,2,488
27/11/2025,Portiuncula University Hospital,Day Case,Adult,379,57,29,9,474
27/11/2025,Roscommon University Hospital,Day Case,Adult,460,90,43,81,674
27/11/2025,Rotunda Hospital,Day Case,Adult,314,39,5,2,360
27/11/2025,Royal Victoria Eye and Ear Hospital,Day Case,Adult,"2,188",444,168,173,"2,973"
27/11/2025,Sligo University Hospital,Day Case,Adult,"1,506",363,225,252,"2,346"
27/11/2025,South Infirmary Victoria University Hospital,Day Case,Adult,"2,739",800,332,398,"4,269"
27/11/2025,St. Columcille's Hospital,Day Case,Adult,365,62,8,21,456
27/11/2025,St. James's Hospital,Day Case,Adult,"3,256",919,243,250,"4,668"
27/11/2025,St. John's Hospital Limerick,Day Case,Adult,221,57,0,0,278
27/11/2025,St. Luke's General Hospital Kilkenny,Day Case,Adult,602,121,48,28,799
27/11/2025,St. Michael's Hospital,Day Case,Adult,685,111,41,19,856
27/11/2025,St. Vincent's University Hospital,Day Case,Adult,"2,215",458,226,92,"2,991"
27/11/2025,Tallaght University Hospital,Day Case,Adult,"2,347",386,124,101,"2,958"
27/11/2025,Tipperary University Hospital,Day Case,Adult,342,22,4,0,368
27/11/2025,University Hospital Kerry,Day Case,Adult,331,50,6,0,387
27/11/2025,University Hospital Limerick,Day Case,Adult,"1,042",600,287,199,"2,128"
27/11/2025,University Hospital Waterford,Day Case,Adult,"3,026",897,382,733,"5,038"
27/11/2025,Wexford General Hospital,Day Case,Adult,764,310,50,23,"1,147"
27/11/2025,Beaumont Hospital,Inpatient,Adult,"1,206",945,786,619,"3,556"
27/11/2025,Connolly Hospital Blanchardstown,Inpatient,Adult,486,28,4,0,518
27/11/2025,Cork University Hospital,Inpatient,Adult,311,124,89,30,554
27/11/2025,Cork University Maternity Hospital,Inpatient,Adult,201,27,2,2,232
27/11/2025,Croom Orthopaedic Hospital,Inpatient,Adult,343,46,2,0,391
27/11/2025,Galway University Hospitals,Inpatient,Adult,995,462,304,803,"2,564"
27/11/2025,Kilcreene Regional Orthopaedic Hospital,Inpatient,Adult,414,174,20,0,608
27/11/2025,Letterkenny University Hospital,Inpatient,Adult,248,66,25,21,360
27/11/2025,Mater Misericordiae University Hospital,Inpatient,Adult,"1,266",611,258,394,"2,529"
27/11/2025,Mayo University Hospital,Inpatient,Adult,154,80,12,2,248
27/11/2025,Mercy University Hospital,Inpatient,Adult,185,57,14,7,263
27/11/2025,Midland Regional Hospital Mullingar,Inpatient,Adult,35,2,2,0,39
27/11/2025,Midland Regional Hospital Tullamore,Inpatient,Adult,549,248,71,25,893
27/11/2025,National Maternity Hospital (Holles Street),Inpatient,Adult,116,52,39,54,261
27/11/2025,National Orthopaedic Hospital Cappagh,Inpatient,Adult,"1,143",342,58,8,"1,551"
27/11/2025,Our Lady of Lourdes Hospital Drogheda,Inpatient,Adult,202,93,49,16,360
27/11/2025,Our Lady's Hospital Navan,Inpatient,Adult,164,33,4,0,201
27/11/2025,Portiuncula University Hospital,Inpatient,Adult,16,7,10,6,39
27/11/2025,Rotunda Hospital,Inpatient,Adult,138,57,2,6,203
27/11/2025,Royal Victoria Eye and Ear Hospital,Inpatient,Adult,172,134,60,102,468
27/11/2025,Sligo University Hospital,Inpatient,Adult,325,173,82,63,643
27/11/2025,Small Volume Hospitals,Inpatient,Adult,45,10,4,4,63
27/11/2025,South Infirmary Victoria University Hospital,Inpatient,Adult,204,42,29,73,348
27/11/2025,St. James's Hospital,Inpatient,Adult,817,387,222,208,"1,634"
27/11/2025,St. John's Hospital Limerick,Inpatient,Adult,332,169,2,0,503
27/11/2025,St. Michael's Hospital,Inpatient,Adult,190,93,39,5,327
27/11/2025,St. Vincent's University Hospital,Inpatient,Adult,699,176,91,105,"1,071"
27/11/2025,Tallaght University Hospital,Inpatient,Adult,900,545,422,261,"2,128"
27/11/2025,Tipperary University Hospital,Inpatient,Adult,66,10,2,0,78
27/11/2025,University Hospital Kerry,Inpatient,Adult,43,2,0,0,45
27/11/2025,University Hospital Limerick,Inpatient,Adult,584,271,205,38,"1,098"
27/11/2025,University Hospital Waterford,Inpatient,Adult,166,61,32,41,300
27/11/2025,Cavan General Hospital,Day Case,Child,22,0,0,0,22
27/11/2025,Children's Health Ireland,Day Case,Child,"1,925",757,320,252,"3,254"
27/11/2025,Cork University Hospital,Day Case,Child,157,99,50,12,318
27/11/2025,Galway University Hospitals,Day Case,Child,199,105,85,91,480
27/11/2025,Letterkenny University Hospital,Day Case,Child,35,4,2,0,41
27/11/2025,Midland Regional Hospital Tullamore,Day Case,Child,63,9,0,0,72
27/11/2025,Our Lady of Lourdes Hospital Drogheda,Day Case,Child,50,17,12,6,85
27/11/2025,Royal Victoria Eye and Ear Hospital,Day Case,Child,35,24,4,5,68
27/11/2025,Sligo University Hospital,Day Case,Child,78,19,17,5,119
27/11/2025,Small Volume Hospitals,Day Case,Child,103,6,2,0,111
27/11/2025,South Infirmary Victoria University Hospital,Day Case,Child,134,16,7,2,159
27/11/2025,University Hospital Limerick,Day Case,Child,171,74,22,2,269
27/11/2025,University Hospital Waterford,Day Case,Child,111,30,26,34,201
27/11/2025,Children's Health Ireland,Inpatient,Child,"1,182",627,277,174,"2,260"
27/11/2025,Galway University Hospitals,Inpatient,Child,43,24,15,56,138
27/11/2025,Midland Regional Hospital Tullamore,Inpatient,Child,137,11,0,0,148
27/11/2025,Royal Victoria Eye and Ear Hospital,Inpatient,Child,17,3,3,2,25
27/11/2025,Sligo University Hospital,Inpatient,Child,45,5,2,2,53
27/11/2025,Small Volume Hospitals,Inpatient,Child,42,7,3,0,52
27/11/2025,South Infirmary Victoria University Hospital,Inpatient,Child,98,11,0,2,110
27/11/2025,University Hospital Limerick,Inpatient,Child,56,18,2,2,77
27/11/2025,University Hospital Waterford,Inpatient,Child,75,41,16,11,143
18/12/2025,Bantry General Hospital,Day Case,Adult,172,0,0,0,172
18/12/2025,Beaumont Hospital,Day Case,Adult,"4,569","1,905",793,485,"7,752"
18/12/2025,Cavan General Hospital,Day Case,Adult,292,0,0,0,292
18/12/2025,Connolly Hospital Blanchardstown,Day Case,Adult,"1,301",220,22,0,"1,543"
18/12/2025,Coombe Women and Infants University Hospital,Day Case,Adult,25,4,0,0,29
18/12/2025,Cork University Hospital,Day Case,Adult,678,217,103,19,"1,017"
18/12/2025,Cork University Maternity Hospital,Day Case,Adult,405,59,0,2,466
18/12/2025,Croom Orthopaedic Hospital,Day Case,Adult,211,233,32,0,476
18/12/2025,Ennis Hospital,Day Case,Adult,352,78,4,0,434
18/12/2025,Galway University Hospitals,Day Case,Adult,"5,105","2,083","1,324",876,"9,388"
18/12/2025,Kilcreene Regional Orthopaedic Hospital,Day Case,Adult,210,10,4,0,224
18/12/2025,Letterkenny University Hospital,Day Case,Adult,"1,872",188,24,10,"2,094"
18/12/2025,Louth County Hospital,Day Case,Adult,595,61,0,0,656
18/12/2025,Mallow General Hospital,Day Case,Adult,334,68,2,2,406
18/12/2025,Mater Misericordiae University Hospital,Day Case,Adult,"4,836","1,287",590,"1,011","7,724"
18/12/2025,Mayo University Hospital,Day Case,Adult,858,105,4,2,969
18/12/2025,Mercy University Hospital,Day Case,Adult,632,211,18,2,863
18/12/2025,Midland Regional Hospital Mullingar,Day Case,Adult,421,61,4,0,486
18/12/2025,Midland Regional Hospital Portlaoise,Day Case,Adult,240,40,30,12,322
18/12/2025,Midland Regional Hospital Tullamore,Day Case,Adult,756,279,155,24,"1,214"
18/12/2025,Naas General Hospital,Day Case,Adult,243,57,20,0,320
18/12/2025,National Maternity Hospital (Holles Street),Day Case,Adult,184,58,7,17,266
18/12/2025,National Orthopaedic Hospital Cappagh,Day Case,Adult,542,46,7,2,597
18/12/2025,Nenagh Hospital,Day Case,Adult,"1,131",440,185,2,"1,758"
18/12/2025,Our Lady of Lourdes Hospital Drogheda,Day Case,Adult,472,128,50,11,661
18/12/2025,Our Lady's Hospital Navan,Day Case,Adult,486,56,2,0,544
18/12/2025,Portiuncula University Hospital,Day Case,Adult,428,61,35,7,531
18/12/2025,Roscommon University Hospital,Day Case,Adult,517,114,47,69,747
18/12/2025,Rotunda Hospital,Day Case,Adult,331,46,4,2,383
18/12/2025,Royal Victoria Eye and Ear Hospital,Day Case,Adult,"2,360",474,169,165,"3,168"
18/12/2025,Sligo University Hospital,Day Case,Adult,"1,613",346,232,216,"2,407"
18/12/2025,South Infirmary Victoria University Hospital,Day Case,Adult,"2,944",796,328,384,"4,452"
18/12/2025,St. Columcille's Hospital,Day Case,Adult,378,65,9,2,454
18/12/2025,St. James's Hospital,Day Case,Adult,"3,195",863,179,201,"4,438"
18/12/2025,St. John's Hospital Limerick,Day Case,Adult,274,68,0,0,342
18/12/2025,St. Luke's General Hospital Kilkenny,Day Case,Adult,446,109,36,17,608
18/12/2025,St. Michael's Hospital,Day Case,Adult,765,110,48,19,942
18/12/2025,St. Vincent's University Hospital,Day Case,Adult,"2,335",440,258,102,"3,135"
18/12/2025,Tallaght University Hospital,Day Case,Adult,"2,362",396,137,109,"3,004"
18/12/2025,Tipperary University Hospital,Day Case,Adult,349,32,2,0,383
18/12/2025,University Hospital Kerry,Day Case,Adult,393,55,7,0,455
18/12/2025,University Hospital Limerick,Day Case,Adult,"1,067",594,273,209,"2,143"
18/12/2025,University Hospital Waterford,Day Case,Adult,"3,197",940,398,746,"5,281"
18/12/2025,Wexford General Hospital,Day Case,Adult,756,180,45,26,"1,007"
18/12/2025,Beaumont Hospital,Inpatient,Adult,"1,182",867,715,541,"3,305"
18/12/2025,Connolly Hospital Blanchardstown,Inpatient,Adult,468,29,5,0,502
18/12/2025,Cork University Hospital,Inpatient,Adult,311,130,98,25,564
18/12/2025,Cork University Maternity Hospital,Inpatient,Adult,187,22,2,2,214
18/12/2025,Croom Orthopaedic Hospital,Inpatient,Adult,351,58,2,0,411
18/12/2025,Galway University Hospitals,Inpatient,Adult,"1,051",427,340,797,"2,615"
18/12/2025,Kilcreene Regional Orthopaedic Hospital,Inpatient,Adult,418,164,25,0,607
18/12/2025,Letterkenny University Hospital,Inpatient,Adult,282,64,19,19,384
18/12/2025,Mater Misericordiae University Hospital,Inpatient,Adult,"1,300",638,288,403,"2,629"
18/12/2025,Mayo University Hospital,Inpatient,Adult,169,75,12,2,259
18/12/2025,Mercy University Hospital,Inpatient,Adult,182,56,13,2,254
18/12/2025,Midland Regional Hospital Mullingar,Inpatient,Adult,37,2,2,0,42
18/12/2025,Midland Regional Hospital Tullamore,Inpatient,Adult,561,269,84,27,941
18/12/2025,National Maternity Hospital (Holles Street),Inpatient,Adult,129,51,44,53,277
18/12/2025,National Orthopaedic Hospital Cappagh,Inpatient,Adult,"1,152",326,58,5,"1,541"
18/12/2025,Our Lady of Lourdes Hospital Drogheda,Inpatient,Adult,200,87,38,12,337
18/12/2025,Our Lady's Hospital Navan,Inpatient,Adult,169,22,0,0,191
18/12/2025,Portiuncula University Hospital,Inpatient,Adult,14,5,7,6,32
18/12/2025,Rotunda Hospital,Inpatient,Adult,145,57,6,6,214
18/12/2025,Royal Victoria Eye and Ear Hospital,Inpatient,Adult,163,133,61,99,456
18/12/2025,Sligo University Hospital,Inpatient,Adult,384,188,85,62,719
18/12/2025,Small Volume Hospitals,Inpatient,Adult,41,9,2,2,55
18/12/2025,South Infirmary Victoria University Hospital,Inpatient,Adult,214,56,30,75,375
18/12/2025,St. James's Hospital,Inpatient,Adult,868,373,200,206,"1,647"
18/12/2025,St. John's Hospital Limerick,Inpatient,Adult,339,176,2,0,517
18/12/2025,St. Michael's Hospital,Inpatient,Adult,204,106,43,11,364
18/12/2025,St. Vincent's University Hospital,Inpatient,Adult,706,183,88,98,"1,075"
18/12/2025,Tallaght University Hospital,Inpatient,Adult,957,539,410,268,"2,174"
18/12/2025,Tipperary University Hospital,Inpatient,Adult,63,9,2,0,75
18/12/2025,University Hospital Kerry,Inpatient,Adult,59,2,0,0,62
18/12/2025,University Hospital Limerick,Inpatient,Adult,589,294,224,34,"1,141"
18/12/2025,University Hospital Waterford,Inpatient,Adult,163,67,34,39,303
18/12/2025,Cavan General Hospital,Day Case,Child,20,0,0,0,20
18/12/2025,Children's Health Ireland,Day Case,Child,"2,068",733,318,184,"3,303"
18/12/2025,Cork University Hospital,Day Case,Child,152,100,58,6,316
18/12/2025,Galway University Hospitals,Day Case,Child,225,88,85,91,489
18/12/2025,Letterkenny University Hospital,Day Case,Child,41,5,2,0,48
18/12/2025,Midland Regional Hospital Tullamore,Day Case,Child,70,9,0,0,79
18/12/2025,Our Lady of Lourdes Hospital Drogheda,Day Case,Child,58,20,7,6,91
18/12/2025,Royal Victoria Eye and Ear Hospital,Day Case,Child,35,26,5,5,71
18/12/2025,Sligo University Hospital,Day Case,Child,77,21,15,5,119
18/12/2025,Small Volume Hospitals,Day Case,Child,120,7,2,0,129
18/12/2025,South Infirmary Victoria University Hospital,Day Case,Child,151,19,5,2,178
18/12/2025,University Hospital Limerick,Day Case,Child,183,71,20,2,276
18/12/2025,University Hospital Waterford,Day Case,Child,131,29,25,36,221
18/12/2025,Children's Health Ireland,Inpatient,Child,"1,252",567,316,100,"2,235"
18/12/2025,Galway University Hospitals,Inpatient,Child,43,16,20,50,129
18/12/2025,Midland Regional Hospital Tullamore,Inpatient,Child,147,21,0,0,168
18/12/2025,National Orthopaedic Hospital Cappagh,Inpatient,Child,23,4,0,0,27
18/12/2025,Royal Victoria Eye and Ear Hospital,Inpatient,Child,16,4,2,2,23
18/12/2025,Sligo University Hospital,Inpatient,Child,57,6,2,2,67
18/12/2025,Small Volume Hospitals,Inpatient,Child,23,4,2,0,29
18/12/2025,South Infirmary Victoria University Hospital,Inpatient,Child,96,9,2,2,108
18/12/2025,University Hospital Limerick,Inpatient,Child,54,19,2,2,76
18/12/2025,University Hospital Waterford,Inpatient,Child,77,46,14,13,150
